[
  {
    "Field": "Address.StreetAddress",
    "Message": "Address.StreetAddress must be defined and not an empty string"
  },
  {
    "Field": "Address.City",
    "Message": "Address.City must be defined and not an empty string"
  },
  {
    "Field": "Address.State",
    "Message": "Address.State must be defined and not an empty string"
  },
  {
    "Field": "Address.PostalCode",
    "Message": "Address.PostalCode must be defined and not an empty string"
  },
  {
    "Field": "Address.IsoCountryCode",
    "Message": "Address.IsoCountryCode must be defined and not an empty string"
  }
]