{
  "TransactionDate": "2015-10-23T00:00:00",
  "Company": 1000,
  "ReferenceNumber": "testda095are1r0e10",
  "Account": {
    "EmailAddress": "prasmod1@test.com",
    "CustomerNumber": "",
    "Eaccount": ""
  },
  "CustomProperties": [
    {
      "Name": "EconciergeOrderNumber",
      "Value": "EC-021446809860753"
    },
    {
      "name": "addecon",
      "value": "false"
    }
  ],
  "Freight": "",
  "Handling": "",
  "Insurance": "",
  "Billing": {
    "Address": {
      "Firstname": "Ganesh",
      "Lastname": "Eswaran",
      "Company": "CDW Gets IT",
      "StreetAddress": "53150 N. Main St.",
      "SecondaryStreetAddress": "Suite 100",
      "City": "Mattawan",
      "State": "MI",
      "PostalCode": "49071",
      "IsoCountryCode": "US",
      "PhoneNumber": "800-800-4239"
    },
    "Method": {
      "PONumber": "CRE42326",
      "Terms": "NET30"
    }
  },
  "Shipping": {
    "Address": {
      "Firstname": "John",
      "Lastname": "Deane",
      "Company": "CDW People Who Get IT",
      "StreetAddress": "200 N Milwaukee Rd",
      "SecondaryStreetAddress": "Canterbury",
      "City": "Vernon Hills",
      "State": "IL",
      "PostalCode": "60061",
      "IsoCountryCode": "US",
      "PhoneNumber": "847-465-3461"
    },
    "Method": {
      "Id": "XC",
      "Description": "CDW Xerox - UPS Ground"
    }
  },

  "LineItems": [
    {
      "LineNumber": 1,
      "ProductCode": "2443006",
      "Status": "Complete",
      "Quantity": 1,
      "UnitPrice": 895.46,
      "LinePrice": 895.46,
      "CustomProperties": [
        {
          "Name": "ManufacturerSKU",
          "Value": "106R02311"
        },
        {
          "Name": "SKUDescription",
          "Value": "WorkCentre 3315/3325 High Capacity Black Toner Cartridge"
        }
      ]
    }
  ]
}