{
  "TransactionDate": "2017-07-31T00:00:00",

  "Company": 1000,

  "ReferenceNumber": "GK3194055449x4537150125874",

  "Account": {
    "EmailAddress": "ganeesw@cdw.com",

    "CustomerNumber": "",

    "Eaccount": ""
  },

  "Freight": 1,

  "Handling": "",

  "Insurance": "",

  "Billing": {
    "Address": {
      "Firstname": "Ganesh",

      "Lastname": "Eswaran",

      "Company": "CDW Gets IT",

      "StreetAddress": "915 N Madison Rw Ct",

      "SecondaryStreetAddress": "Suite 100",

      "City": "Collierville",

      "State": "TN",

      "PostalCode": "38017",

      "IsoCountryCode": "US",

      "PhoneNumber": "901-492-1245"
    },

    "Method": {
      "PONumber": "TEST ORDER",

      "Terms": "NET30"
    }
  },

  "Shipping": {
    "Address": {
      "Firstname": "Ganesh",

      "Lastname": "Eswaran",

      "Company": "CDW People Who Get IT",

      "StreetAddress": "200 N Milwaukee Rd",

      "SecondaryStreetAddress": "Canterbury",

      "City": "Vernon Hills",

      "State": "IL",

      "PostalCode": "60061",

      "IsoCountryCode": "US",

      "PhoneNumber": "224-475-2345"
    },

    "Method": {
      "Id": "RP",

      "Description": "CDW Xerox - UPS Ground"
    }
  },

  "LineItems": [
    {
      "LineNumber": 1,

      "ProductCode": "",

      "Quantity": 1,

      "UnitPrice": 16.82,
      "Discounts": [
        {
          "Id": "5PERCOFF",

          "Amount": 5,

          "Type": 1003
        }
      ],
      "CustomProperties": [
        {
          "Name": "ManufacturerPartNumber",
          "Value": " "
        },
        {
          "Name": "ManufacturerItemDesc",
          "Value": ""
        }
      ]
    }

  ]
}