{
  "TransactionDate": "2014-02-26T04:15:04",
  "Company": 1012,
  "ReferenceNumber": "testdata122265pio",
  "Account": {
    "EmailAddress": "ganeesw@cdw.com",
    "CustomerNumber": "",
    "Eaccount": ""
  },
  "Freight": "2",
  "Handling": "",
  "Insurance": "",
  "Billing": {
    "Address": {
      "Firstname": "Ganesh",
      "Lastname": "Bell",
      "StreetAddress": "53150 N. Main St.",
      "City": "Alberta",
      "State": "MB",
      "PostalCode": "R3C0P8",
      "IsoCountryCode": "CA",
      "PhoneNumber": "847-968-0668"
    },
    "Method": {
      "PONumber": "CRE42543",
      "Terms": "NET30"
    }
  },
  "Shipping": {
    "Address": {
      "Firstname": "Sonia",
      "Lastname": "Bell",
      "StreetAddress": "53151 N. Main Street.",
      "City": "Ontario",
      "State": "MB",
      "PostalCode": "R3C0P8",
      "IsoCountryCode": "CA",
      "PhoneNumber": "847-968-0669"
    },
    "Method": {
      "Id": "OH",
      "Description": "CDW Xerox - UPS Ground"
    }
  },
  "Discounts": [
    {
      "Amount": 2,
      "Type": 1000,
      "Id": 1
    }
  ],
  "LineItems": [
    {
      "LineNumber": 1,
      "ProductCode": "2854700",
      "Quantity": 1,
      "UnitPrice": "100.00"
    }
  ]
}