{
  "TransactionDate": "2015-10-23T00:00:00",
  "Company": 1000,
  "ReferenceNumber": "{{$guid}}",
  "Account": {
    "EmailAddress": "jyotmac@cdw.com",
    "CustomerNumber": "",
    "Eaccount": ""
  },
  "CustomProperties": [
    {
      "Name": "EconciergeOrderNumber",
      "Value": "EC-021446809860753"
    },
    {
      "name": "addecon",
      "value": "false"
    }
  ],
  "Freight": "0",
  "Handling": "",
  "Insurance": "",
  "Billing": {
    "Address": {
      "Firstname": "QA",
      "Lastname": "Tester",
      "Company": "Test Order Please Cancel",
      "StreetAddress": "53150 N. Main St.",
      "SecondaryStreetAddress": "Suite 100",
      "City": "Mattawan",
      "State": "MI",
      "PostalCode": "49071",
      "IsoCountryCode": "US",
      "PhoneNumber": "800-800-4239"
    },
    "Method": {
      "TransactionId": "70EAB72E-7A92-4DF6-AA33-143719B9BD31"
    }
  },
  "Shipping": {
    "Address": {
      "Firstname": "QA",
      "Lastname": "Tester",
      "Company": "Test Order Please Cancel",
      "StreetAddress": "200 N Milwaukee Rd",
      "SecondaryStreetAddress": "Canterbury",
      "City": "Vernon Hills",
      "State": "IL",
      "PostalCode": "60061",
      "IsoCountryCode": "US",
      "PhoneNumber": "847-465-3461"
    },
    "Method": {
      "Id": "XC",
      "Description": "2 business days"
    }
  },

  "LineItems": [
    {
      "LineNumber": 1,
      "ProductCode": "3915319",
      "Quantity": 1,
      "UnitPrice": 1682.96,
      "LinePrice": 1682.96,
      "CustomProperties": [
        {
          "Name": "ManufacturerSKU",
          "Value": "7800-BUNDLE-10"
        },
        {
          "Name": "SKUDescription",
          "Value": "Phaser 7800 Toner Bundle"
        }
      ]
    },
    {
      "LineNumber": 2,
      "ProductCode": "2538894",
      "Quantity": 2,
      "UnitPrice": 440.99,
      "LinePrice": 881.98,
      "CustomProperties": [
        {
          "Name": "ManufacturerSKU",
          "Value": "106R01568"
        },
        {
          "Name": "SKUDescription",
          "Value": "Phaser 7800 High Capacity Yellow Toner Cartridge"
        }
      ]
    }
  ]
}