﻿{
  "OrderNumber": "1BKV77J",
  "Status": "Processing",
  "TransactionDate": "2015-08-12T16:03:03.28Z",
  "Company": 0,
  "ReferenceNumber": "FVWsEAPvLtQAAAFPnVhz0COR",
  "Account": {
    "CustomerNumber": "9041758",
    "EAccount": "",
    "EmailAddress": "rmlesslie@fs.fed.us"
  },
  "Subtotal": 459.97,
  "Discount": 0.0,
  "Taxes": [],
  "RecyclingFees": [],
  "Freight": 29.99,
  "Handling": 0.0,
  "Insurance": 0.0,
  "Tax": 0.0,
  "RecyclingFee": 0.0,
  "Total": 489.96,
  "Discounts": [],
  "Billing": {
    "Address": {
      "FirstName": "RACHAEL",
      "LastName": "LESSLIE",
      "PhoneNumber": "9078747505",
      "Company": "USDA FOREST SERVICE",
      "StreetAddress": "161 E 1ST AVE DOOR 8",
      "SecondaryStreetAddress": "",
      "City": "ANCHORAGE",
      "State": "AK",
      "PostalCode": "99501-",
      "IsoCountryCode": "US"
    },
    "Method": {
      "PONumber": "",
      "CreditCard": {
        "Type": "Visa",
        "Number": "************1111"
      }
    }
  },
  "Shipping": {
    "Address": {
      "FirstName": "RACHAEL",
      "LastName": "LESSLIE",
      "PhoneNumber": "9078747505",
      "Company": "USDA FOREST SERVICE",
      "StreetAddress": "161 E 1ST AVE",
      "SecondaryStreetAddress": "DOOR 8",
      "City": "ANCHORAGE",
      "State": "AK",
      "PostalCode": "99501-1639",
      "IsoCountryCode": "US"
    },
    "Method": {
      "Id": "X9",
      "Description": "CDW XEROX-FEDEX PRIORITY AK & HI"
    }
  },
  "LineItems": [
    {
      "ProductCode": "2538510",
      "Status": "Pending",
      "Quantity": 2,
      "UnitPrice": 80.0,
      "LinePrice": 160.0,
      "Discounts": [],
      "CustomProperties": [
        {
          "Name": "ManufacturerSKU",
          "Value": "108R00974"
        },
        {
          "Name": "SKUDescription",
          "Value": "Black Imaging Unit - Phaser 6700"
        }
      ],
      "Shipments": []
    },
    {
      "ProductCode": "2538504",
      "Status": "Pending",
      "Quantity": 1,
      "UnitPrice": 99.99,
      "LinePrice": 99.99,
      "Discounts": [],
      "CustomProperties": [
        {
          "Name": "ManufacturerSKU",
          "Value": "108R00971"
        },
        {
          "Name": "SKUDescription",
          "Value": "Cyan Imaging Unit - Phaser 6700"
        }
      ],
      "Shipments": []
    },
    {
      "ProductCode": "2538506",
      "Status": "Pending",
      "Quantity": 1,
      "UnitPrice": 99.99,
      "LinePrice": 99.99,
      "Discounts": [],
      "CustomProperties": [
        {
          "Name": "ManufacturerSKU",
          "Value": "108R00972"
        },
        {
          "Name": "SKUDescription",
          "Value": "Magenta Imaging Unit - Phaser 6700"
        }
      ],
      "Shipments": []
    },
    {
      "ProductCode": "2538508",
      "Status": "Pending",
      "Quantity": 1,
      "UnitPrice": 99.99,
      "LinePrice": 99.99,
      "Discounts": [],
      "CustomProperties": [
        {
          "Name": "ManufacturerSKU",
          "Value": "108R00973"
        },
        {
          "Name": "SKUDescription",
          "Value": "Yellow Imaging Unit - Phaser 6700"
        }
      ],
      "Shipments": []
    }
  ],
  "CustomProperties": [
    {
      "Name": "addECon",
      "Value": "false"
    }
  ]
}