﻿  {
    "OrderNumber": "1BFLW8Z",
    "Status": "Processing",
    "TransactionDate": "2014-02-26T04:15:04Z",
    "Company": 1000,
    "ReferenceNumber": "CO01-DM-201403182106",
    "Account": {
      "CustomerNumber": "",
      "EAccount": "",
      "EmailAddress": "qatester@cdw.com"
    },
    "Subtotal": 1299.98,
    "Discount": 0.0,
    "Taxes": [
      {
        "Id": "US",
        "Description": "Sales Tax",
        "Rate": 6.0,
        "Amount": 78.0
      }
    ],
    "RecyclingFees": [],
    "Freight": 0.0,
    "Handling": 0.0,
    "Insurance": 0.0,
    "Tax": 78.0,
    "RecyclingFee": 0.0,
    "Total": 1377.98,
    "Discounts": [],
    "Billing": {
      "Address": {
        "FirstName": "Sonia ",
        "LastName": "Bell",
        "PhoneNumber": "",
        "Company": "",
        "StreetAddress": "53150 N. Main St.",
        "SecondaryStreetAddress": "",
        "City": "Mattawan",
        "State": "MI",
        "PostalCode": "49071",
        "IsoCountryCode": "US"
      },
      "Method": {
        "CreditCard": {
          "Type": "Visa",
          "Number": "************1111"
        }
      }
    },
    "Shipping": {
      "Address": {
        "FirstName": "Sonia ",
        "LastName": "Bell",
        "PhoneNumber": "",
        "Company": "",
        "StreetAddress": "53151 N. Main Street.",
        "SecondaryStreetAddress": "",
        "City": "Mattawan",
        "State": "MI",
        "PostalCode": "49071",
        "IsoCountryCode": "US"
      },
      "Method": {
        "Id": "XG",
        "Description": "UPS Ground (1- 2 day)"
      }
    },
    "LineItems": [
      {
        "ProductCode": "2222991",
        "Status": "Pending",
        "Quantity": 2,
        "UnitPrice": 649.99,
        "LinePrice": 1299.98,
        "Discounts": [],
        "CustomProperties": [],
        "Shipments": []
      }
    ],
    "CustomProperties": []
  }