﻿{
    "OrderNumber": "1CR1XZM",
    "Status": "Shipped",
    "TransactionDate": "2015-10-23T00:00:00Z",
    "Company": 1000,
    "ReferenceNumber": "c2311a35-cef9-4f73-a941-791b5b19c6ec",
    "Account": {
        "CustomerNumber": "",
        "EAccount": "",
        "EmailAddress": "jyotmac@cdw.com"
    },
    "Subtotal": 2391.98,
    "Discount": 0.0,
    "Taxes": [
        {
            "Id": "US",
            "Description": "Sales Tax",
            "Rate": 7.25,
            "Amount": 173.41
        }
    ],
    "RecyclingFees": [],
    "Freight": 0.0,
    "Handling": 0.0,
    "Insurance": 0.0,
    "Tax": 173.41,
    "RecyclingFee": 0.0,
    "Total": 2565.39,
    "Discounts": [],
    "Billing": {
        "Address": {
            "FirstName": "QA",
            "LastName": "Tester",
            "PhoneNumber": "800-800-4239",
            "Company": "Test Order Please Cancel",
            "StreetAddress": "53150 N. Main St.",
            "SecondaryStreetAddress": "Suite 100",
            "City": "Mattawan",
            "State": "MI",
            "PostalCode": "49071",
            "IsoCountryCode": "US"
        },
        "Method": {
            "PONumber": "CRE42326",
            "CreditCard": {
                "Type": "Visa",
                "Number": "************0026"
            }
        }
    },
    "Shipping": {
        "Address": {
            "FirstName": "QA",
            "LastName": "Tester",
            "PhoneNumber": "847-465-3461",
            "Company": "Test Order Please Cancel",
            "StreetAddress": "200 N Milwaukee Rd",
            "SecondaryStreetAddress": "Canterbury",
            "City": "Vernon Hills",
            "State": "IL",
            "PostalCode": "60061",
            "IsoCountryCode": "US"
        },
        "Method": {
            "Id": "YR",
            "Description": "CDW Xerox FREE - CEVA Deferred, 3-5 Days"
        }
    },
    "LineItems": [
        {
            "ProductCode": "3513806",
            "Status": "Shipped",
            "Quantity": 1,
            "UnitPrice": 209.99,
            "LinePrice": 209.99,
            "Discounts": [],
            "CustomProperties": [],
            "Shipments": [
                {
                    "InvoiceNumber": "",
                    "Box": 1,
                    "ShippedDate": "2018-01-31T00:00:00",
                    "ShippingMethod": {
                        "Id": "EC",
                        "Description": "CEVA Deferred, 3-5 Days"
                    },
                    "TrackingNumber": "ELB934390000100001",
                    "TrackingUrl": "http://etracking.cevalogistics.com/eTrackResults.aspx?st=1&sf=2&sv=ELB9343900",
                    "Weight": 157.4,
                    "Contents": [
                        {
                            "ProductCode": "4546747",
                            "Quantity": 1
                        }
                    ]
                },
                {
                    "InvoiceNumber": "",
                    "Box": 1,
                    "ShippedDate": "2018-01-31T00:00:00",
                    "ShippingMethod": {
                        "Id": "EC",
                        "Description": "CEVA Deferred, 3-5 Days"
                    },
                    "TrackingNumber": "ELB934390000000001",
                    "TrackingUrl": "http://etracking.cevalogistics.com/eTrackResults.aspx?st=1&sf=2&sv=ELB9343900",
                    "Weight": 20.86,
                    "Contents": [
                        {
                            "ProductCode": "3513806",
                            "Quantity": 1
                        }
                    ]
                },
                {
                    "InvoiceNumber": "",
                    "Box": 1,
                    "ShippedDate": "2018-02-02T00:00:00",
                    "ShippingMethod": {
                        "Id": "EC",
                        "Description": "Dynamex Messenger Overnite 5:00 pm"
                    },
                    "TrackingNumber": "XLB934390000300001",
                    "TrackingUrl": "http://www.dynamex.com/dynamex/cdw/track.jsp?InquiryNumber1=XLB934390000300001",
                    "Weight": 75.0,
                    "Contents": [
                        {
                            "ProductCode": "3577790",
                            "Quantity": 1
                        }
                    ]
                },
                {
                    "InvoiceNumber": "",
                    "Box": 1,
                    "ShippedDate": "2018-02-02T00:00:00",
                    "ShippingMethod": {
                        "Id": "EC",
                        "Description": "Dynamex Messenger Overnite 5:00 pm"
                    },
                    "TrackingNumber": "XLB934390000400001",
                    "TrackingUrl": "http://www.dynamex.com/dynamex/cdw/track.jsp?InquiryNumber1=XLB934390000400001",
                    "Weight": 78.0,
                    "Contents": [
                        {
                            "ProductCode": "3577794",
                            "Quantity": 1
                        }
                    ]
                }
            ]
        },
        {
            "ProductCode": "4546747",
            "Status": "Shipped",
            "Quantity": 1,
            "UnitPrice": 933.99,
            "LinePrice": 933.99,
            "Discounts": [],
            "CustomProperties": [],
            "Shipments": [
                {
                    "InvoiceNumber": "",
                    "Box": 1,
                    "ShippedDate": "2018-01-31T00:00:00",
                    "ShippingMethod": {
                        "Id": "EC",
                        "Description": "CEVA Deferred, 3-5 Days"
                    },
                    "TrackingNumber": "ELB934390000100001",
                    "TrackingUrl": "http://etracking.cevalogistics.com/eTrackResults.aspx?st=1&sf=2&sv=ELB9343900",
                    "Weight": 157.4,
                    "Contents": [
                        {
                            "ProductCode": "4546747",
                            "Quantity": 1
                        }
                    ]
                },
                {
                    "InvoiceNumber": "",
                    "Box": 1,
                    "ShippedDate": "2018-01-31T00:00:00",
                    "ShippingMethod": {
                        "Id": "EC",
                        "Description": "CEVA Deferred, 3-5 Days"
                    },
                    "TrackingNumber": "ELB934390000000001",
                    "TrackingUrl": "http://etracking.cevalogistics.com/eTrackResults.aspx?st=1&sf=2&sv=ELB9343900",
                    "Weight": 20.86,
                    "Contents": [
                        {
                            "ProductCode": "3513806",
                            "Quantity": 1
                        }
                    ]
                },
                {
                    "InvoiceNumber": "",
                    "Box": 1,
                    "ShippedDate": "2018-02-02T00:00:00",
                    "ShippingMethod": {
                        "Id": "EC",
                        "Description": "Dynamex Messenger Overnite 5:00 pm"
                    },
                    "TrackingNumber": "XLB934390000300001",
                    "TrackingUrl": "http://www.dynamex.com/dynamex/cdw/track.jsp?InquiryNumber1=XLB934390000300001",
                    "Weight": 75.0,
                    "Contents": [
                        {
                            "ProductCode": "3577790",
                            "Quantity": 1
                        }
                    ]
                },
                {
                    "InvoiceNumber": "",
                    "Box": 1,
                    "ShippedDate": "2018-02-02T00:00:00",
                    "ShippingMethod": {
                        "Id": "EC",
                        "Description": "Dynamex Messenger Overnite 5:00 pm"
                    },
                    "TrackingNumber": "XLB934390000400001",
                    "TrackingUrl": "http://www.dynamex.com/dynamex/cdw/track.jsp?InquiryNumber1=XLB934390000400001",
                    "Weight": 78.0,
                    "Contents": [
                        {
                            "ProductCode": "3577794",
                            "Quantity": 1
                        }
                    ]
                }
            ]
        },
        {
            "ProductCode": "3577790",
            "Status": "Shipped",
            "Quantity": 1,
            "UnitPrice": 549.0,
            "LinePrice": 549.0,
            "Discounts": [],
            "CustomProperties": [],
            "Shipments": [
                {
                    "InvoiceNumber": "",
                    "Box": 1,
                    "ShippedDate": "2018-01-31T00:00:00",
                    "ShippingMethod": {
                        "Id": "EC",
                        "Description": "CEVA Deferred, 3-5 Days"
                    },
                    "TrackingNumber": "ELB934390000100001",
                    "TrackingUrl": "http://etracking.cevalogistics.com/eTrackResults.aspx?st=1&sf=2&sv=ELB9343900",
                    "Weight": 157.4,
                    "Contents": [
                        {
                            "ProductCode": "4546747",
                            "Quantity": 1
                        }
                    ]
                },
                {
                    "InvoiceNumber": "",
                    "Box": 1,
                    "ShippedDate": "2018-01-31T00:00:00",
                    "ShippingMethod": {
                        "Id": "EC",
                        "Description": "CEVA Deferred, 3-5 Days"
                    },
                    "TrackingNumber": "ELB934390000000001",
                    "TrackingUrl": "http://etracking.cevalogistics.com/eTrackResults.aspx?st=1&sf=2&sv=ELB9343900",
                    "Weight": 20.86,
                    "Contents": [
                        {
                            "ProductCode": "3513806",
                            "Quantity": 1
                        }
                    ]
                },
                {
                    "InvoiceNumber": "",
                    "Box": 1,
                    "ShippedDate": "2018-02-02T00:00:00",
                    "ShippingMethod": {
                        "Id": "EC",
                        "Description": "Dynamex Messenger Overnite 5:00 pm"
                    },
                    "TrackingNumber": "XLB934390000300001",
                    "TrackingUrl": "http://www.dynamex.com/dynamex/cdw/track.jsp?InquiryNumber1=XLB934390000300001",
                    "Weight": 75.0,
                    "Contents": [
                        {
                            "ProductCode": "3577790",
                            "Quantity": 1
                        }
                    ]
                },
                {
                    "InvoiceNumber": "",
                    "Box": 1,
                    "ShippedDate": "2018-02-02T00:00:00",
                    "ShippingMethod": {
                        "Id": "EC",
                        "Description": "Dynamex Messenger Overnite 5:00 pm"
                    },
                    "TrackingNumber": "XLB934390000400001",
                    "TrackingUrl": "http://www.dynamex.com/dynamex/cdw/track.jsp?InquiryNumber1=XLB934390000400001",
                    "Weight": 78.0,
                    "Contents": [
                        {
                            "ProductCode": "3577794",
                            "Quantity": 1
                        }
                    ]
                }
            ]
        },
        {
            "ProductCode": "3577794",
            "Status": "Shipped",
            "Quantity": 1,
            "UnitPrice": 699.0,
            "LinePrice": 699.0,
            "Discounts": [],
            "CustomProperties": [],
            "Shipments": [
                {
                    "InvoiceNumber": "",
                    "Box": 1,
                    "ShippedDate": "2018-01-31T00:00:00",
                    "ShippingMethod": {
                        "Id": "EC",
                        "Description": "CEVA Deferred, 3-5 Days"
                    },
                    "TrackingNumber": "ELB934390000100001",
                    "TrackingUrl": "http://etracking.cevalogistics.com/eTrackResults.aspx?st=1&sf=2&sv=ELB9343900",
                    "Weight": 157.4,
                    "Contents": [
                        {
                            "ProductCode": "4546747",
                            "Quantity": 1
                        }
                    ]
                },
                {
                    "InvoiceNumber": "",
                    "Box": 1,
                    "ShippedDate": "2018-01-31T00:00:00",
                    "ShippingMethod": {
                        "Id": "EC",
                        "Description": "CEVA Deferred, 3-5 Days"
                    },
                    "TrackingNumber": "ELB934390000000001",
                    "TrackingUrl": "http://etracking.cevalogistics.com/eTrackResults.aspx?st=1&sf=2&sv=ELB9343900",
                    "Weight": 20.86,
                    "Contents": [
                        {
                            "ProductCode": "3513806",
                            "Quantity": 1
                        }
                    ]
                },
                {
                    "InvoiceNumber": "",
                    "Box": 1,
                    "ShippedDate": "2018-02-02T00:00:00",
                    "ShippingMethod": {
                        "Id": "EC",
                        "Description": "Dynamex Messenger Overnite 5:00 pm"
                    },
                    "TrackingNumber": "XLB934390000300001",
                    "TrackingUrl": "http://www.dynamex.com/dynamex/cdw/track.jsp?InquiryNumber1=XLB934390000300001",
                    "Weight": 75.0,
                    "Contents": [
                        {
                            "ProductCode": "3577790",
                            "Quantity": 1
                        }
                    ]
                },
                {
                    "InvoiceNumber": "",
                    "Box": 1,
                    "ShippedDate": "2018-02-02T00:00:00",
                    "ShippingMethod": {
                        "Id": "EC",
                        "Description": "Dynamex Messenger Overnite 5:00 pm"
                    },
                    "TrackingNumber": "XLB934390000400001",
                    "TrackingUrl": "http://www.dynamex.com/dynamex/cdw/track.jsp?InquiryNumber1=XLB934390000400001",
                    "Weight": 78.0,
                    "Contents": [
                        {
                            "ProductCode": "3577794",
                            "Quantity": 1
                        }
                    ]
                }
            ]
        }
    ],
    "CustomProperties": [
        {
            "Name": "EconciergeOrderNumber",
            "Value": "EC-021446809860753"
        },
        {
            "Name": "addecon",
            "Value": "true"
        },
        {
            "Name": "OrderSource",
            "Value": "XDR"
        }
    ]
}