﻿{
    "OrderNumber": "1CR1WKT",
    "Status": "Processing",
    "TransactionDate": "2017-12-18T04:12:52Z",
    "Company": 1000,
    "ReferenceNumber": "D7gSSJfihzVUxmuL_cd26f52687e6fd4cc69585866be8d8ba_000000427",
    "Account": {
        "CustomerNumber": "",
        "EAccount": "",
        "EmailAddress": "jennifer.meyers@xerox.com"
    },
    "Subtotal": 294.0,
    "Discount": 25.0,
    "Taxes": [
        {
            "Id": "US",
            "Description": "Sales Tax",
            "Rate": 8.1,
            "Amount": 23.81
        }
    ],
    "RecyclingFees": [],
    "Freight": 15.99,
    "Handling": 0.0,
    "Insurance": 0.0,
    "Tax": 23.81,
    "RecyclingFee": 0.0,
    "Total": 333.8,
    "Discounts": [
        {
            "Id": "Test $25 off",
            "Type": 1000,
            "Amount": 25.0
        }
    ],
    "Billing": {
        "Address": {
            "FirstName": "Test",
            "LastName": "Test",
            "PhoneNumber": "4806967120",
            "Company": "",
            "StreetAddress": "1601 W Fountainhead Pkwy",
            "SecondaryStreetAddress": "",
            "City": "Tempe",
            "State": "AZ",
            "PostalCode": "85282-2371",
            "IsoCountryCode": "US"
        },
        "Method": {
            "PONumber": "000000427",
            "CreditCard": {
                "Type": "Visa",
                "Number": "************0005"
            }
        }
    },
    "Shipping": {
        "Address": {
            "FirstName": "Test",
            "LastName": "Test",
            "PhoneNumber": "4806967120",
            "Company": "",
            "StreetAddress": "1601 W Fountainhead Pkwy",
            "SecondaryStreetAddress": "",
            "City": "Tempe",
            "State": "AZ",
            "PostalCode": "85282-2371",
            "IsoCountryCode": "US"
        },
        "Method": {
            "Id": "XC",
            "Description": "CDW Xerox - FedEx Ground"
        }
    },
    "LineItems": [
        {
            "ProductCode": "3513809",
            "Status": "Pending",
            "Quantity": 1,
            "UnitPrice": 294.0,
            "LinePrice": 294.0,
            "Discounts": [],
            "CustomProperties": [
                {
                    "Name": "ManufacturerSKU",
                    "Value": "3225/DNI"
                },
                {
                    "Name": "SKUDescription",
                    "Value": "WorkCentre 3225/DNI"
                }
            ],
            "Shipments": []
        }
    ],
    "CustomProperties": [
        {
            "Name": "addECon",
            "Value": "False"
        },
        {
            "Name": "LanguageCode",
            "Value": "EN"
        }
    ]
}