{
    "OrderNumber": "1CR1QM1",
    "Status": "Processing",
    "TransactionDate": "2017-07-31T00:00:00Z",
    "Company": 1000,
    "ReferenceNumber": "GK3194055449x4537150125874",
    "Account": {
        "CustomerNumber": "",
        "EAccount": "",
        "EmailAddress": "ganeesw@cdw.com"
    },
    "Subtotal": 15.98,
    "Discount": 0.0,
    "Taxes": [
        {
            "Id": "US",
            "Description": "Sales Tax",
            "Rate": 7.25,
            "Amount": 1.16
        }
    ],
    "RecyclingFees": [],
    "Freight": 15.11,
    "Handling": 0.0,
    "Insurance": 0.13,
    "Tax": 1.16,
    "RecyclingFee": 0.0,
    "Total": 33.13,
    "Discounts": [],
    "Billing": {
        "Address": {
            "FirstName": "Ganesh",
            "LastName": "Eswaran",
            "PhoneNumber": "901-492-1245",
            "Company": "CDW Gets IT",
            "StreetAddress": "915 N Madison Rw Ct",
            "SecondaryStreetAddress": "Suite 100",
            "City": "Collierville",
            "State": "TN",
            "PostalCode": "38017",
            "IsoCountryCode": "US"
        },
        "Method": {
            "PONumber": "TEST ORDER",
            "Terms": "NET30"
        }
    },
    "Shipping": {
        "Address": {
            "FirstName": "Ganesh",
            "LastName": "Eswaran",
            "PhoneNumber": "224-475-2345",
            "Company": "CDW People Who Get IT",
            "StreetAddress": "200 N Milwaukee Rd",
            "SecondaryStreetAddress": "Canterbury",
            "City": "Vernon Hills",
            "State": "IL",
            "PostalCode": "60061",
            "IsoCountryCode": "US"
        },
        "Method": {
            "Id": "RP",
            "Description": "FedEx Ground"
        }
    },
    "LineItems": [
        {
            "ProductCode": "NEW-ITEM",
            "Status": "Pending",
            "Quantity": 1,
            "UnitPrice": 16.82,
            "LinePrice": 15.98,
            "Discounts": [
                {
                    "Id": "5PERCOFF",
                    "Type": 1003,
                    "Amount": 5.0
                }
            ],
            "CustomProperties": [
                {
                    "Name": "ManufacturerPartNumber",
                    "Value": " LPS500A-MM-LC "
                },
                {
                    "Name": "ManufacturerItemDesc",
                    "Value": "Black Box PoE PSE Gigabit Media Converter Multimode - fiber media converter"
                }
            ],
            "Shipments": []
        }
    ],
    "CustomProperties": [
        {
            "Name": "OrderSource",
            "Value": "BBX"
        }
    ]
}