{
    "OrderNumber": "1CR1QMG",
    "Status": "Processing",
    "TransactionDate": "2015-10-23T00:00:00Z",
    "Company": 1000,
    "ReferenceNumber": "testda",
    "Account": {
        "CustomerNumber": "",
        "EAccount": "",
        "EmailAddress": "prasmod1@test.com"
    },
    "Subtotal": 1950.98,
    "Discount": 0.0,
    "Taxes": [
        {
            "Id": "US",
            "Description": "Sales Tax",
            "Rate": 7.25,
            "Amount": 141.44
        }
    ],
    "RecyclingFees": [],
    "Freight": 0.0,
    "Handling": 0.0,
    "Insurance": 0.0,
    "Tax": 141.44,
    "RecyclingFee": 0.0,
    "Total": 2092.42,
    "Discounts": [],
    "Billing": {
        "Address": {
            "FirstName": "Ganesh",
            "LastName": "Eswaran",
            "PhoneNumber": "800-800-4239",
            "Company": "CDW Gets IT",
            "StreetAddress": "53150 N. Main St.",
            "SecondaryStreetAddress": "Suite 100",
            "City": "Mattawan",
            "State": "MI",
            "PostalCode": "49071",
            "IsoCountryCode": "US"
        },
        "Method": {
            "PONumber": "CRE42326",
            "CreditCard": {
                "Type": "Visa",
                "Number": "************1732"
            }
        }
    },
    "Shipping": {
        "Address": {
            "FirstName": "John",
            "LastName": "Deane",
            "PhoneNumber": "847-465-3461",
            "Company": "CDW People Who Get IT",
            "StreetAddress": "200 N Milwaukee Rd",
            "SecondaryStreetAddress": "Canterbury",
            "City": "Vernon Hills",
            "State": "IL",
            "PostalCode": "60061",
            "IsoCountryCode": "US"
        },
        "Method": {
            "Id": "XV",
            "Description": "CDW Xerox FREE - FedEx Ground"
        }
    },
    "LineItems": [
        {
            "ProductCode": "3915332",
            "Status": "Pending",
            "Quantity": 1,
            "UnitPrice": 1041.99,
            "LinePrice": 1041.99,
            "Discounts": [],
            "CustomProperties": [
                {
                    "Name": "ManufacturerSKU",
                    "Value": "106R02311"
                },
                {
                    "Name": "SKUDescription",
                    "Value": "WorkCentre 3315/3325 High Capacity Black Toner Cartridge"
                }
            ],
            "Shipments": []
        },
        {
            "ProductCode": "3915348",
            "Status": "Pending",
            "Quantity": 1,
            "UnitPrice": 559.99,
            "LinePrice": 559.99,
            "Discounts": [],
            "CustomProperties": [
                {
                    "Name": "ManufacturerSKU",
                    "Value": "106R02311"
                },
                {
                    "Name": "SKUDescription",
                    "Value": "WorkCentre 3315/3325 High Capacity Black Toner Cartridge"
                }
            ],
            "Shipments": []
        },
        {
            "ProductCode": "3100697",
            "Status": "Pending",
            "Quantity": 1,
            "UnitPrice": 349.0,
            "LinePrice": 349.0,
            "Discounts": [],
            "CustomProperties": [
                {
                    "Name": "ManufacturerSKU",
                    "Value": "106R02311"
                },
                {
                    "Name": "SKUDescription",
                    "Value": "WorkCentre 3315/3325 High Capacity Black Toner Cartridge"
                }
            ],
            "Shipments": []
        }
    ],
    "CustomProperties": [
        {
            "Name": "EconciergeOrderNumber",
            "Value": "EC-021446809860753"
        },
        {
            "Name": "addecon",
            "Value": "false"
        },
        {
            "Name": "OrderSource",
            "Value": "XDR"
        }
    ]
}