{
    "OrderNumber": "",
    "Status": "Processing",
    "TransactionDate": "2015-10-23T00:00:00Z",
    "Company": 1000,
    "ReferenceNumber": "testdata130",
    "Account": {
        "CustomerNumber": "",
        "EAccount": "",
        "EmailAddress": "prasmod1@test.com"
    },
    "Subtotal": 895.46,
    "Discount": 0.0,
    "Taxes": [],
    "RecyclingFees": [],
    "Freight": 0.0,
    "Handling": 0.0,
    "Insurance": 0.0,
    "Tax": 0.0,
    "RecyclingFee": 0.0,
    "Total": 895.46,
    "Discounts": [],
    "Billing": {
        "Address": {
            "FirstName": "Ganesh",
            "LastName": "Eswaran",
            "PhoneNumber": "800-800-4239",
            "Company": "CDW Gets IT",
            "StreetAddress": "53150 N. Main St.",
            "SecondaryStreetAddress": "Suite 100",
            "City": "Mattawan",
            "State": "MI",
            "PostalCode": "49071",
            "IsoCountryCode": "US"
        },
        "Method": {
            "PONumber": "CRE42326",
            "CreditCard": {
                "Type": "Visa",
                "Number": "************1732"
            }
        }
    },
    "Shipping": {
        "Address": {
            "FirstName": "John",
            "LastName": "Deane",
            "PhoneNumber": "847-465-3461",
            "Company": "CDW People Who Get IT",
            "StreetAddress": "3600 Denali St",
            "SecondaryStreetAddress": "Canterbury",
            "City": "Anchorage",
            "State": "AK",
            "PostalCode": "99503",
            "IsoCountryCode": "US"
        },
        "Method": {
            "Id": "XW",
            "Description": "CDW Xerox FREE - FedEx Ground AK & HI"
        }
    },
    "LineItems": [
        {
            "ProductCode": "2443006",
            "Status": "Pending",
            "Quantity": 1,
            "UnitPrice": 895.46,
            "LinePrice": 895.46,
            "Discounts": [],
            "CustomProperties": [
                {
                    "Name": "ManufacturerSKU",
                    "Value": "106R02311"
                },
                {
                    "Name": "SKUDescription",
                    "Value": "WorkCentre 3315/3325 High Capacity Black Toner Cartridge"
                }
            ],
            "Shipments": []
        }
    ],
    "CustomProperties": [
        {
            "Name": "EconciergeOrderNumber",
            "Value": "EC-021446809860753"
        },
        {
            "Name": "addecon",
            "Value": "false"
        },
        {
            "Name": "OrderSource",
            "Value": "XDR"
        }
    ]
}