{
    "OrderNumber": "1CR1R04",
    "Status": "Processing",
    "TransactionDate": "2014-02-26T04:15:04Z",
    "Company": 1012,
    "ReferenceNumber": "testdata43122265pio",
    "Account": {
        "CustomerNumber": "",
        "EAccount": "",
        "EmailAddress": "ganeesw@cdw.com"
    },
    "Subtotal": 100.0,
    "Discount": 2.0,
    "Taxes": [
        {
            "Id": "FREIGHT_GST",
            "Description": "GST Shipping Tax",
            "Rate": 5.0,
            "Amount": 3.5
        },
        {
            "Id": "FREIGHT_PST",
            "Description": "PST Shipping Tax",
            "Rate": 8.0,
            "Amount": 5.6
        },
        {
            "Id": "GST",
            "Description": "GST Tax",
            "Rate": 5.0,
            "Amount": 4.96
        },
        {
            "Id": "PST",
            "Description": "PST Tax",
            "Rate": 8.0,
            "Amount": 7.94
        }
    ],
    "RecyclingFees": [
        {
            "Amount": 1.25,
            "Code": "$1.25 Printers/Scan/Fax/",
            "Description": "Manitoba Environmental Handling Fee",
            "ProductCode": "2854700"
        }
    ],
    "Freight": 69.99,
    "Handling": 0.0,
    "Insurance": 0.0,
    "Tax": 22.0,
    "RecyclingFee": 1.25,
    "Total": 193.24,
    "Discounts": [
        {
            "Id": "1",
            "Type": 1000,
            "Amount": 2.0
        }
    ],
    "Billing": {
        "Address": {
            "FirstName": "Ganesh",
            "LastName": "Bell",
            "PhoneNumber": "847-968-0668",
            "Company": "",
            "StreetAddress": "53150 N. Main St.",
            "SecondaryStreetAddress": "",
            "City": "Alberta",
            "State": "MB",
            "PostalCode": "R3C 0P8",
            "IsoCountryCode": "CA"
        },
        "Method": {
            "PONumber": "CRE42543",
            "CreditCard": {
                "Type": "Visa",
                "Number": "************0011"
            }
        }
    },
    "Shipping": {
        "Address": {
            "FirstName": "Sonia",
            "LastName": "Bell",
            "PhoneNumber": "847-968-0669",
            "Company": "",
            "StreetAddress": "53151 N. Main Street.",
            "SecondaryStreetAddress": "",
            "City": "Ontario",
            "State": "MB",
            "PostalCode": "R3C 0P8",
            "IsoCountryCode": "CA"
        },
        "Method": {
            "Id": "OH",
            "Description": "CDW Xerox Canada 10:30 AM"
        }
    },
    "LineItems": [
        {
            "ProductCode": "2854700",
            "Status": "Pending",
            "Quantity": 1,
            "UnitPrice": 100.0,
            "LinePrice": 100.0,
            "Discounts": [],
            "CustomProperties": [],
            "Shipments": []
        }
    ],
    "CustomProperties": [
        {
            "Name": "OrderSource",
            "Value": "XEC"
        }
    ]
}