{
    "OrderNumber": "1CR1VC1",
    "Status": "Processing",
    "TransactionDate": "2015-10-23T00:00:00Z",
    "Company": 1000,
    "ReferenceNumber": "b28a1790-3f20-4905-875b-ba6e4f753115",
    "Account": {
        "CustomerNumber": "",
        "EAccount": "",
        "EmailAddress": "jyotmac@cdw.com"
    },
    "Subtotal": 2564.94,
    "Discount": 0.0,
    "Taxes": [
        {
            "Id": "US",
            "Description": "Sales Tax",
            "Rate": 7.25,
            "Amount": 185.95
        }
    ],
    "RecyclingFees": [],
    "Freight": 0.0,
    "Handling": 0.0,
    "Insurance": 0.0,
    "Tax": 185.95,
    "RecyclingFee": 0.0,
    "Total": 2750.89,
    "Discounts": [],
    "Billing": {
        "Address": {
            "FirstName": "QA",
            "LastName": "Tester",
            "PhoneNumber": "800-800-4239",
            "Company": "Test Order Please Cancel",
            "StreetAddress": "53150 N. Main St.",
            "SecondaryStreetAddress": "Suite 100",
            "City": "Mattawan",
            "State": "MI",
            "PostalCode": "49071",
            "IsoCountryCode": "US"
        },
        "Method": {
            "CreditCard": {
                "Type": "Visa",
                "Number": "************1111"
            }
        }
    },
    "Shipping": {
        "Address": {
            "FirstName": "QA",
            "LastName": "Tester",
            "PhoneNumber": "847-465-3461",
            "Company": "Test Order Please Cancel",
            "StreetAddress": "200 N Milwaukee Rd",
            "SecondaryStreetAddress": "Canterbury",
            "City": "Vernon Hills",
            "State": "IL",
            "PostalCode": "60061",
            "IsoCountryCode": "US"
        },
        "Method": {
            "Id": "XV",
            "Description": "CDW Xerox FREE - FedEx Ground"
        }
    },
    "LineItems": [
        {
            "ProductCode": "3915319",
            "Status": "Pending",
            "Quantity": 1,
            "UnitPrice": 1682.96,
            "LinePrice": 1682.96,
            "Discounts": [],
            "CustomProperties": [
                {
                    "Name": "ManufacturerSKU",
                    "Value": "7800-BUNDLE-10"
                },
                {
                    "Name": "SKUDescription",
                    "Value": "Phaser 7800 Toner Bundle"
                }
            ],
            "Shipments": []
        },
        {
            "ProductCode": "2538894",
            "Status": "Pending",
            "Quantity": 2,
            "UnitPrice": 440.99,
            "LinePrice": 881.98,
            "Discounts": [],
            "CustomProperties": [
                {
                    "Name": "ManufacturerSKU",
                    "Value": "106R01568"
                },
                {
                    "Name": "SKUDescription",
                    "Value": "Phaser 7800 High Capacity Yellow Toner Cartridge"
                }
            ],
            "Shipments": []
        }
    ],
    "CustomProperties": [
        {
            "Name": "EconciergeOrderNumber",
            "Value": "EC-021446809860753"
        },
        {
            "Name": "addecon",
            "Value": "false"
        },
        {
            "Name": "OrderSource",
            "Value": "XDR"
        }
    ]
}