{
    "TransactionDate": "2015-10-23T00:00:00",
    "Company": 1000,
    "ReferenceNumber": "{{$guid}}",
    "Account": {
        "EmailAddress": "jyotmac@cdw.com",
        "CustomerNumber": "",
        "Eaccount": ""
    },
    "Discounts": [
        {
            "Id": "ANYTHING",
            "Amount": "20.00",
            "Type": 1001
        }
    ],

    "Freight": "1",
    "Handling": "",
    "Insurance": "",
    "Billing": {
        "Address": {
            "Firstname": "Test",
            "Lastname": "Test",
            "Company": "",
            "StreetAddress": "53151 N. Main Street.",
            "SecondaryStreetAddress": "",
            "City": "Vernon Hills",
            "State": "IL",
            "PostalCode": "60061",
            "IsoCountryCode": "US",
            "PhoneNumber": "224-475-2345"
        },
        "Method": {
            "PONumber": "TestOrder01",
            "Terms": "NET30"
        }
    },
    "Shipping": {
        "Address": {
            "Firstname": "Test",
            "Lastname": "Test",
            "Company": "ABC",
            "StreetAddress": "53151 N. Main Street.",
            "SecondaryStreetAddress": "",
            "City": "Vernon Hills",
            "State": "IL",
            "PostalCode": "60061",
            "IsoCountryCode": "US",
            "PhoneNumber": "224-475-2345"
        },
        "Method": {
            "Id": "RP",
            "Description": "CDW BBox - UPS 3 Day"
        }
    },
    "LineItems": [
        {
            "LineNumber": 1,
            "ProductCode": "2345403",
            "Quantity": 10,
            "UnitPrice": "100.00"
        },

        {
            "LineNumber": 2,
            "ProductCode": "3816389",
            "Quantity": 1,
            "UnitPrice": "1000.00"
        }

    ]
}
