{
    "OrderNumber": "1CR4J09",
    "Status": "Processing",
    "TransactionDate": "2015-10-23T00:00:00Z",
    "Company": 1000,
    "ReferenceNumber": "d80ac003-943e-4cf5-8c64-e79e671afd31",
    "Account": {
        "CustomerNumber": "",
        "EAccount": "",
        "EmailAddress": "jyotmac@cdw.com"
    },
    "Subtotal": 2000.0,
    "Discount": 400.0,
    "Taxes": [
        {
            "Id": "US",
            "Description": "Sales Tax",
            "Rate": 7.25,
            "Amount": 116.0
        }
    ],
    "RecyclingFees": [],
    "Freight": 19.17,
    "Handling": 0.0,
    "Insurance": 15.0,
    "Tax": 116.0,
    "RecyclingFee": 0.0,
    "Total": 2150.92,
    "Discounts": [
        {
            "Id": "ANYTHING",
            "Type": 1001,
            "Amount": 20.0
        }
    ],
    "Billing": {
        "Address": {
            "FirstName": "Test",
            "LastName": "Test",
            "PhoneNumber": "224-475-2345",
            "Company": "",
            "StreetAddress": "53151 N. Main Street.",
            "SecondaryStreetAddress": "",
            "City": "Vernon Hills",
            "State": "IL",
            "PostalCode": "60061",
            "IsoCountryCode": "US"
        },
        "Method": {
            "PONumber": "TestOrder01",
            "CreditCard": {
                "Type": "Visa",
                "Number": "************1732"
            }
        }
    },
    "Shipping": {
        "Address": {
            "FirstName": "Test",
            "LastName": "Test",
            "PhoneNumber": "224-475-2345",
            "Company": "ABC",
            "StreetAddress": "53151 N. Main Street.",
            "SecondaryStreetAddress": "",
            "City": "Vernon Hills",
            "State": "IL",
            "PostalCode": "60061",
            "IsoCountryCode": "US"
        },
        "Method": {
            "Id": "RP",
            "Description": "FedEx Ground"
        }
    },
    "LineItems": [
        {
            "ProductCode": "2345403",
            "Status": "Pending",
            "Quantity": 10,
            "UnitPrice": 100.0,
            "LinePrice": 1000.0,
            "Discounts": [],
            "CustomProperties": [],
            "Shipments": []
        },
        {
            "ProductCode": "3816389",
            "Status": "Pending",
            "Quantity": 1,
            "UnitPrice": 1000.0,
            "LinePrice": 1000.0,
            "Discounts": [],
            "CustomProperties": [],
            "Shipments": []
        }
    ],
    "CustomProperties": [
        {
            "Name": "OrderSource",
            "Value": "BBX"
        }
    ]
}