﻿{
  "ErrorMessage": "",
  "Freight": {
    "Details": [],
    "ShippingMethods": [
      {
        "BoxHandlingCharge": 0,
        "Code": "OV",
        "ContractFreightTypesApplied": 0,
        "Cost": 13.19,
        "Description": "3-5 business days",
        "EstimatedArrival": "n/a",
        "FreightCharge": 14.99,
        "InsuranceCharge": 0,
        "IsCustomerAccount": false,
        "Name": "CDW Xerox Canada Ground",
        "OrderHandlingCharge": 0,
        "OtherCharge": 0,
        "SaturdayCharge": 0,
        "SpecialCode": "XEC",
        "TotalCharge": 14.99,
        "TransitBusinessDays": "NA",
        "TotalWeight": 14,
        "WeightType": "A"
      },
      {
        "BoxHandlingCharge": 0,
        "Code": "OA",
        "ContractFreightTypesApplied": 0,
        "Cost": 35.84,
        "Description": "Next business day",
        "EstimatedArrival": "n/a",
        "FreightCharge": 19.99,
        "InsuranceCharge": 0,
        "IsCustomerAccount": false,
        "Name": "CDW Xerox Canada Air",
        "OrderHandlingCharge": 0,
        "OtherCharge": 0,
        "SaturdayCharge": 0,
        "SpecialCode": "XEC",
        "TotalCharge": 19.99,
        "TransitBusinessDays": "2",
        "TotalWeight": 22,
        "WeightType": "A"
      },
      {
        "BoxHandlingCharge": 0,
        "Code": "OH",
        "ContractFreightTypesApplied": 0,
        "Cost": 32.24,
        "Description": "Next business day by 10:30am",
        "EstimatedArrival": "n/a",
        "FreightCharge": 29.99,
        "InsuranceCharge": 0,
        "IsCustomerAccount": false,
        "Name": "CDW Xerox Canada 10:30 AM",
        "OrderHandlingCharge": 0,
        "OtherCharge": 0,
        "SaturdayCharge": 0,
        "SpecialCode": "XEC",
        "TotalCharge": 29.99,
        "TransitBusinessDays": "1",
        "TotalWeight": 22,
        "WeightType": "A"
      }
    ]
  },
  "PackageCount": 1,
  "TransactionIdentifier": "1C7A0056-635F-4681-80B7-19E3B0A56D1F"
}