﻿{
  "CompanyCode": "00",
  "OrderReferenceNumber": null,
  "ItemsToShip": [
    {
      "ContractReferenceNumber": null,
      "OrderLineNumber": 1,
      "ProductCode": "XXXXXXXX",
      "UnitPrice": 348.99,
      "Quantity": 1
    }
  ],
  "ShipTo": {
    "CompanyName": "Van DeLay Industries",
    "FirstName": null,
    "LastName": null,
    "Line1": "551 Milwaukee Ave",
    "Line2": null,
    "City": "Manitoba",
    "State": "MB",
    "PostalCode": "R3C 0P8",
    "Country": "CA"
  },
  "Requester": {
    "ApplicationName": "WEB",
    "HostName": "it-matters-not",
    "JobName": "Checkout",
    "Platform": "CS"
  },
  "SalesChannel": {
    "Code": "XEC",
    "ShipMethodFilter": 1
  },
  "Options": {
    "IncludeFreightDetails": false
  }
}