﻿{
  "ErrorMessage": "",
  "Freight": {
    "Details": [],
    "ShippingMethods": [
      {
        "BoxHandlingCharge": 0,
        "Code": "DT",
        "ContractFreightTypesApplied": 0,
        "Cost": 0,
        "Description": "1-2 business days",
        "EstimatedArrival": "n/a",
        "FreightCharge": 0,
        "InsuranceCharge": 0,
        "IsCustomerAccount": false,
        "Name": "Canada Electronic Dropship",
        "OrderHandlingCharge": 0,
        "OtherCharge": 0,
        "SaturdayCharge": 0,
        "SpecialCode": "",
        "TotalCharge": 0,
        "TransitBusinessDays": "NA",
        "TotalWeight": 0,
        "WeightType": "A"
      }
    ]
  },
  "PackageCount": 0,
  "TransactionIdentifier": "D1C00346-4012-4D95-A5E9-9C01915954E0"
}