﻿{
  "Headers": [
    {
      "Amount": 0.0,
      "Description": "Handling Tax",
      "Id": "HANDLING_US",
      "Rate": 7.25,
      "TaxTypeKey": "4B5ADEB99AB84C079CDD86C0088BFC7F"
    },
    {
      "Amount": 0.0,
      "Description": "Shipping Tax",
      "Id": "FREIGHT_US",
      "Rate": 7.25,
      "TaxTypeKey": "CD41D6571D9F4988A42E9560749FE093"
    },
    {
      "Amount": 0.0,
      "Description": "Insurance Tax",
      "Id": "INSURANCE_US",
      "Rate": 7.25,
      "TaxTypeKey": "D7F332F4C753466288C8BFAD86289925"
    },
    {
      "Amount": -92.59,
      "Description": "Sales Tax",
      "Id": "US",
      "Rate": 7.25,
      "TaxTypeKey": "FA53BC40373C4EF0B481D3438D5EED84"
    }
  ],
  "LineItems": [
    {
      "Amount": 30.94,
      "Description": "Sales Tax",
      "Id": "US",
      "LineNumber": "99999",
      "ProductCode": "2222992",
      "Rate": 7.25,
      "TaxTypeKey": "FA53BC40373C4EF0B481D3438D5EED84"
    },
    {
      "Amount": 11.89,
      "Description": "Sales Tax",
      "Id": "US",
      "LineNumber": "90000",
      "ProductCode": "4693739",
      "Rate": 7.25,
      "TaxTypeKey": "FA53BC40373C4EF0B481D3438D5EED84"
    },
    {
      "Amount": 47.27,
      "Description": "Sales Tax",
      "Id": "US",
      "LineNumber": "99989",
      "ProductCode": "3938627",
      "Rate": 7.25,
      "TaxTypeKey": "FA53BC40373C4EF0B481D3438D5EED84"
    },
    {
      "Amount": 1.81,
      "Description": "Sales Tax",
      "Id": "US",
      "LineNumber": "99979",
      "ProductCode": "3762296",
      "Rate": 7.25,
      "TaxTypeKey": "FA53BC40373C4EF0B481D3438D5EED84"
    },
    {
      "Amount": 1.74,
      "Description": "Sales Tax",
      "Id": "US",
      "LineNumber": "99969",
      "ProductCode": "2831337",
      "Rate": 7.25,
      "TaxTypeKey": "FA53BC40373C4EF0B481D3438D5EED84"
    },
    {
      "Amount": 1.16,
      "Description": "Sales Tax",
      "Id": "US",
      "LineNumber": "99959",
      "ProductCode": "3203815",
      "Rate": 7.25,
      "TaxTypeKey": "FA53BC40373C4EF0B481D3438D5EED84"
    },
    {
      "Amount": 281.66,
      "Description": "Sales Tax",
      "Id": "US",
      "LineNumber": "99949",
      "ProductCode": "3514021",
      "Rate": 7.25,
      "TaxTypeKey": "FA53BC40373C4EF0B481D3438D5EED84"
    },
    {
      "Amount": 6.67,
      "Description": "Sales Tax",
      "Id": "US",
      "LineNumber": "99939",
      "ProductCode": "2992568",
      "Rate": 7.25,
      "TaxTypeKey": "FA53BC40373C4EF0B481D3438D5EED84"
    },
    {
      "Amount": 0.8,
      "Description": "Sales Tax",
      "Id": "US",
      "LineNumber": "99929",
      "ProductCode": "1269577",
      "Rate": 7.25,
      "TaxTypeKey": "FA53BC40373C4EF0B481D3438D5EED84"
    },
    {
      "Amount": 79.02,
      "Description": "Sales Tax",
      "Id": "US",
      "LineNumber": "9111",
      "ProductCode": "3685521",
      "Rate": 7.25,
      "TaxTypeKey": "FA53BC40373C4EF0B481D3438D5EED84"
    }
  ]
}