﻿{
  "Headers": [
    {
      "Amount": 0.0,
      "Description": "Handling Tax",
      "Id": "HANDLING_US",
      "Rate": 7.25,
      "TaxTypeKey": "4B5ADEB99AB84C079CDD86C0088BFC7F"
    },
    {
      "Amount": 0.0,
      "Description": "Shipping Tax",
      "Id": "FREIGHT_US",
      "Rate": 7.25,
      "TaxTypeKey": "CD41D6571D9F4988A42E9560749FE093"
    },
    {
      "Amount": 0.0,
      "Description": "Insurance Tax",
      "Id": "INSURANCE_US",
      "Rate": 7.25,
      "TaxTypeKey": "D7F332F4C753466288C8BFAD86289925"
    }
  ],
  "LineItems": [
    {
      "Amount": 7.25,
      "Description": "Sales Tax",
      "Id": "US",
      "LineNumber": "1",
      "ProductCode": "2222992",
      "Rate": 7.25,
      "TaxTypeKey": "FA53BC40373C4EF0B481D3438D5EED84"
    }
  ]
}