﻿{
  "ErrorMessage": "",
  "Freight": {
    "Details": [],
    "ShippingMethods": [
      {
        "BoxHandlingCharge": 0,
        "Code": "RP",
        "ContractFreightTypesApplied": 0,
        "Cost": 22.62,
        "Description": "2-5 business days",
        "EstimatedArrival": "n/a",
        "FreightCharge": 51.26,
        "InsuranceCharge": 110.58,
        "IsCustomerAccount": false,
        "Name": "FedEx Ground",
        "OrderHandlingCharge": 0,
        "OtherCharge": 1.5,
        "SaturdayCharge": 0,
        "SpecialCode": "",
        "TotalCharge": 162.98,
        "TransitBusinessDays": "NA",
        "TotalWeight": 60,
        "WeightType": "A"
      },
      {
        "BoxHandlingCharge": 0,
        "Code": "3L",
        "ContractFreightTypesApplied": 0,
        "Cost": 39.2,
        "Description": "3 business days",
        "EstimatedArrival": "10/05/2017",
        "FreightCharge": 87.81,
        "InsuranceCharge": 110.58,
        "IsCustomerAccount": false,
        "Name": "UPS 3 Day Select",
        "OrderHandlingCharge": 0,
        "OtherCharge": 1.5,
        "SaturdayCharge": 0,
        "SpecialCode": "",
        "TotalCharge": 199.89,
        "TransitBusinessDays": "NA",
        "TotalWeight": 54,
        "WeightType": "A"
      },
      {
        "BoxHandlingCharge": 0,
        "Code": "E3",
        "ContractFreightTypesApplied": 0,
        "Cost": 42.78,
        "Description": "2 business days",
        "EstimatedArrival": "10/04/2017",
        "FreightCharge": 124.06,
        "InsuranceCharge": 110.58,
        "IsCustomerAccount": false,
        "Name": "FedEx 2 Day",
        "OrderHandlingCharge": 0,
        "OtherCharge": 1.5,
        "SaturdayCharge": 0,
        "SpecialCode": "",
        "TotalCharge": 236.14,
        "TransitBusinessDays": "NA",
        "TotalWeight": 60,
        "WeightType": "A"
      },
      {
        "BoxHandlingCharge": 0,
        "Code": "C2",
        "ContractFreightTypesApplied": 0,
        "Cost": 46.18,
        "Description": "2 business days",
        "EstimatedArrival": "10/04/2017",
        "FreightCharge": 133.92,
        "InsuranceCharge": 110.58,
        "IsCustomerAccount": false,
        "Name": "UPS 2nd Day Air",
        "OrderHandlingCharge": 0,
        "OtherCharge": 1.5,
        "SaturdayCharge": 0,
        "SpecialCode": "",
        "TotalCharge": 246,
        "TransitBusinessDays": "NA",
        "TotalWeight": 54,
        "WeightType": "A"
      },
      {
        "BoxHandlingCharge": 0,
        "Code": "EE",
        "ContractFreightTypesApplied": 0,
        "Cost": 62.94,
        "Description": "3 business days",
        "EstimatedArrival": "10/05/2017",
        "FreightCharge": 140.99,
        "InsuranceCharge": 110.58,
        "IsCustomerAccount": false,
        "Name": "FedEx Express Saver - 3 Day",
        "OrderHandlingCharge": 0,
        "OtherCharge": 1.5,
        "SaturdayCharge": 0,
        "SpecialCode": "",
        "TotalCharge": 253.07,
        "TransitBusinessDays": "NA",
        "TotalWeight": 60,
        "WeightType": "A"
      },
      {
        "BoxHandlingCharge": 0,
        "Code": "EC",
        "ContractFreightTypesApplied": 0,
        "Cost": 70.62,
        "Description": "3-5 business days",
        "EstimatedArrival": "n/a",
        "FreightCharge": 158.9,
        "InsuranceCharge": 110.58,
        "IsCustomerAccount": false,
        "Name": "CEVA Deferred, 3-5 days",
        "OrderHandlingCharge": 0,
        "OtherCharge": 0,
        "SaturdayCharge": 0,
        "SpecialCode": "",
        "TotalCharge": 269.48,
        "TransitBusinessDays": "NA",
        "TotalWeight": 62,
        "WeightType": "A"
      },
      {
        "BoxHandlingCharge": 0,
        "Code": "E1",
        "ContractFreightTypesApplied": 0,
        "Cost": 60.44,
        "Description": "Next business day afternoon",
        "EstimatedArrival": "10/03/2017",
        "FreightCharge": 191.59,
        "InsuranceCharge": 110.58,
        "IsCustomerAccount": false,
        "Name": "FedEx Standard Overnight",
        "OrderHandlingCharge": 0,
        "OtherCharge": 1.5,
        "SaturdayCharge": 0,
        "SpecialCode": "",
        "TotalCharge": 303.67,
        "TransitBusinessDays": "NA",
        "TotalWeight": 60,
        "WeightType": "A"
      },
      {
        "BoxHandlingCharge": 0,
        "Code": "CR",
        "ContractFreightTypesApplied": 0,
        "Cost": 66.28,
        "Description": "Next business day afternoon",
        "EstimatedArrival": "10/03/2017",
        "FreightCharge": 210.11,
        "InsuranceCharge": 110.58,
        "IsCustomerAccount": false,
        "Name": "UPS Next Day Air Saver",
        "OrderHandlingCharge": 0,
        "OtherCharge": 1.5,
        "SaturdayCharge": 0,
        "SpecialCode": "",
        "TotalCharge": 322.19,
        "TransitBusinessDays": "NA",
        "TotalWeight": 54,
        "WeightType": "A"
      },
      {
        "BoxHandlingCharge": 0,
        "Code": "E7",
        "ContractFreightTypesApplied": 0,
        "Cost": 67.18,
        "Description": "Next business day morning",
        "EstimatedArrival": "10/03/2017",
        "FreightCharge": 212.96,
        "InsuranceCharge": 110.58,
        "IsCustomerAccount": false,
        "Name": "FedEx Priority Overnight",
        "OrderHandlingCharge": 0,
        "OtherCharge": 1.5,
        "SaturdayCharge": 0,
        "SpecialCode": "",
        "TotalCharge": 325.04,
        "TransitBusinessDays": "NA",
        "TotalWeight": 60,
        "WeightType": "A"
      },
      {
        "BoxHandlingCharge": 0,
        "Code": "C1",
        "ContractFreightTypesApplied": 0,
        "Cost": 70.1,
        "Description": "Next business day by 10:30am",
        "EstimatedArrival": "10/03/2017",
        "FreightCharge": 222.22,
        "InsuranceCharge": 110.58,
        "IsCustomerAccount": false,
        "Name": "UPS Next Day 10:30, most areas",
        "OrderHandlingCharge": 0,
        "OtherCharge": 1.5,
        "SaturdayCharge": 0,
        "SpecialCode": "",
        "TotalCharge": 334.3,
        "TransitBusinessDays": "NA",
        "TotalWeight": 54,
        "WeightType": "A"
      },
      {
        "BoxHandlingCharge": 0,
        "Code": "WC",
        "ContractFreightTypesApplied": 0,
        "Cost": 0,
        "Description": "Pickup at our Vernon Hills showroom",
        "EstimatedArrival": "n/a",
        "FreightCharge": 0,
        "InsuranceCharge": 0,
        "IsCustomerAccount": false,
        "Name": "Will Call",
        "OrderHandlingCharge": 0,
        "OtherCharge": 0,
        "SaturdayCharge": 0,
        "SpecialCode": "",
        "TotalCharge": 0,
        "TransitBusinessDays": "NA",
        "TotalWeight": 0,
        "WeightType": "A"
      },
      {
        "BoxHandlingCharge": 1.2,
        "Code": "PM",
        "ContractFreightTypesApplied": 0,
        "Cost": 167.4,
        "Description": "5-8 business days",
        "EstimatedArrival": "n/a",
        "FreightCharge": 167.4,
        "InsuranceCharge": 309.62,
        "IsCustomerAccount": false,
        "Name": "USPS Priority Mail",
        "OrderHandlingCharge": 11.5,
        "OtherCharge": 0,
        "SaturdayCharge": 0,
        "SpecialCode": "",
        "TotalCharge": 489.72,
        "TransitBusinessDays": "NA",
        "TotalWeight": 60,
        "WeightType": "A"
      },
      {
        "BoxHandlingCharge": 1.2,
        "Code": "EM",
        "ContractFreightTypesApplied": 0,
        "Cost": 277.8,
        "Description": "2-3 business days",
        "EstimatedArrival": "n/a",
        "FreightCharge": 277.8,
        "InsuranceCharge": 309.62,
        "IsCustomerAccount": false,
        "Name": "USPS Priority Mail Express",
        "OrderHandlingCharge": 11.5,
        "OtherCharge": 0,
        "SaturdayCharge": 0,
        "SpecialCode": "",
        "TotalCharge": 600.12,
        "TransitBusinessDays": "NA",
        "TotalWeight": 60,
        "WeightType": "A"
      },
      {
        "BoxHandlingCharge": 0,
        "Code": "RC",
        "ContractFreightTypesApplied": 0,
        "Cost": 0,
        "Description": "2-5 business days, your FedEx account",
        "EstimatedArrival": "n/a",
        "FreightCharge": 0,
        "InsuranceCharge": 0,
        "IsCustomerAccount": true,
        "Name": "FedEx Ground - Cust Acct",
        "OrderHandlingCharge": 0,
        "OtherCharge": 0,
        "SaturdayCharge": 0,
        "SpecialCode": "",
        "TotalCharge": 0,
        "TransitBusinessDays": "NA",
        "TotalWeight": 60,
        "WeightType": "A"
      },
      {
        "BoxHandlingCharge": 0,
        "Code": "X1",
        "ContractFreightTypesApplied": 0,
        "Cost": 0,
        "Description": "Next business day afternoon, your FedEx account",
        "EstimatedArrival": "10/03/2017",
        "FreightCharge": 0,
        "InsuranceCharge": 0,
        "IsCustomerAccount": true,
        "Name": "FedEx Strd Overnight Aft -Cust Acct",
        "OrderHandlingCharge": 0,
        "OtherCharge": 0,
        "SaturdayCharge": 0,
        "SpecialCode": "",
        "TotalCharge": 0,
        "TransitBusinessDays": "NA",
        "TotalWeight": 60,
        "WeightType": "A"
      },
      {
        "BoxHandlingCharge": 0,
        "Code": "X3",
        "ContractFreightTypesApplied": 0,
        "Cost": 0,
        "Description": "2 business days, your FedEx account",
        "EstimatedArrival": "10/04/2017",
        "FreightCharge": 0,
        "InsuranceCharge": 0,
        "IsCustomerAccount": true,
        "Name": "FedEx 2 Day - Cust Acct",
        "OrderHandlingCharge": 0,
        "OtherCharge": 0,
        "SaturdayCharge": 0,
        "SpecialCode": "",
        "TotalCharge": 0,
        "TransitBusinessDays": "NA",
        "TotalWeight": 60,
        "WeightType": "A"
      },
      {
        "BoxHandlingCharge": 0,
        "Code": "X7",
        "ContractFreightTypesApplied": 0,
        "Cost": 0,
        "Description": "Next business day morning, your FedEx account",
        "EstimatedArrival": "10/03/2017",
        "FreightCharge": 0,
        "InsuranceCharge": 0,
        "IsCustomerAccount": true,
        "Name": "FedEx Overnight 10:30 - Cust Acct",
        "OrderHandlingCharge": 0,
        "OtherCharge": 0,
        "SaturdayCharge": 0,
        "SpecialCode": "",
        "TotalCharge": 0,
        "TransitBusinessDays": "NA",
        "TotalWeight": 60,
        "WeightType": "A"
      },
      {
        "BoxHandlingCharge": 0,
        "Code": "XE",
        "ContractFreightTypesApplied": 0,
        "Cost": 0,
        "Description": "3 business days, your FedEx account",
        "EstimatedArrival": "10/05/2017",
        "FreightCharge": 0,
        "InsuranceCharge": 0,
        "IsCustomerAccount": true,
        "Name": "FedEx Express Saver 3Day -Cust Acct",
        "OrderHandlingCharge": 0,
        "OtherCharge": 0,
        "SaturdayCharge": 0,
        "SpecialCode": "",
        "TotalCharge": 0,
        "TransitBusinessDays": "NA",
        "TotalWeight": 60,
        "WeightType": "A"
      },
      {
        "BoxHandlingCharge": 0,
        "Code": "P1",
        "ContractFreightTypesApplied": 0,
        "Cost": 0,
        "Description": "Next business day morning, your UPS account",
        "EstimatedArrival": "10/03/2017",
        "FreightCharge": 0,
        "InsuranceCharge": 0,
        "IsCustomerAccount": true,
        "Name": "UPS Next Day 10:30 - Cust Acct",
        "OrderHandlingCharge": 0,
        "OtherCharge": 0,
        "SaturdayCharge": 0,
        "SpecialCode": "",
        "TotalCharge": 0,
        "TransitBusinessDays": "NA",
        "TotalWeight": 60,
        "WeightType": "A"
      },
      {
        "BoxHandlingCharge": 0,
        "Code": "P2",
        "ContractFreightTypesApplied": 0,
        "Cost": 0,
        "Description": "2 business days, your UPS account",
        "EstimatedArrival": "10/04/2017",
        "FreightCharge": 0,
        "InsuranceCharge": 0,
        "IsCustomerAccount": true,
        "Name": "UPS 2nd Day Air - Cust Acct",
        "OrderHandlingCharge": 0,
        "OtherCharge": 0,
        "SaturdayCharge": 0,
        "SpecialCode": "",
        "TotalCharge": 0,
        "TransitBusinessDays": "NA",
        "TotalWeight": 60,
        "WeightType": "A"
      },
      {
        "BoxHandlingCharge": 0,
        "Code": "PG",
        "ContractFreightTypesApplied": 0,
        "Cost": 0,
        "Description": "2-5 business days, your UPS account",
        "EstimatedArrival": "n/a",
        "FreightCharge": 0,
        "InsuranceCharge": 0,
        "IsCustomerAccount": true,
        "Name": "UPS Ground - Cust Acct",
        "OrderHandlingCharge": 0,
        "OtherCharge": 0,
        "SaturdayCharge": 0,
        "SpecialCode": "",
        "TotalCharge": 0,
        "TransitBusinessDays": "NA",
        "TotalWeight": 60,
        "WeightType": "A"
      },
      {
        "BoxHandlingCharge": 0,
        "Code": "PL",
        "ContractFreightTypesApplied": 0,
        "Cost": 0,
        "Description": "3 business days, your UPS account",
        "EstimatedArrival": "10/05/2017",
        "FreightCharge": 0,
        "InsuranceCharge": 0,
        "IsCustomerAccount": true,
        "Name": "UPS 3 Day Select - Cust Acct",
        "OrderHandlingCharge": 0,
        "OtherCharge": 0,
        "SaturdayCharge": 0,
        "SpecialCode": "",
        "TotalCharge": 0,
        "TransitBusinessDays": "NA",
        "TotalWeight": 60,
        "WeightType": "A"
      },
      {
        "BoxHandlingCharge": 0,
        "Code": "PR",
        "ContractFreightTypesApplied": 0,
        "Cost": 0,
        "Description": "Next business day afternoon",
        "EstimatedArrival": "10/03/2017",
        "FreightCharge": 0,
        "InsuranceCharge": 0,
        "IsCustomerAccount": true,
        "Name": "UPS Next Day Air Saver - Cust Acct",
        "OrderHandlingCharge": 0,
        "OtherCharge": 0,
        "SaturdayCharge": 0,
        "SpecialCode": "",
        "TotalCharge": 0,
        "TransitBusinessDays": "NA",
        "TotalWeight": 60,
        "WeightType": "A"
      },
      {
        "BoxHandlingCharge": 0,
        "Code": "U1",
        "ContractFreightTypesApplied": 0,
        "Cost": 0,
        "Description": "Next business day morning, your UPS account",
        "EstimatedArrival": "10/03/2017",
        "FreightCharge": 0,
        "InsuranceCharge": 0,
        "IsCustomerAccount": true,
        "Name": "UPS Next Day 10:30 - Consignee",
        "OrderHandlingCharge": 0,
        "OtherCharge": 0,
        "SaturdayCharge": 0,
        "SpecialCode": "",
        "TotalCharge": 0,
        "TransitBusinessDays": "NA",
        "TotalWeight": 60,
        "WeightType": "A"
      },
      {
        "BoxHandlingCharge": 0,
        "Code": "U2",
        "ContractFreightTypesApplied": 0,
        "Cost": 0,
        "Description": "2 business days, your UPS account",
        "EstimatedArrival": "10/04/2017",
        "FreightCharge": 0,
        "InsuranceCharge": 0,
        "IsCustomerAccount": true,
        "Name": "UPS 2nd Day Air - Consignee Billing",
        "OrderHandlingCharge": 0,
        "OtherCharge": 0,
        "SaturdayCharge": 0,
        "SpecialCode": "",
        "TotalCharge": 0,
        "TransitBusinessDays": "NA",
        "TotalWeight": 60,
        "WeightType": "A"
      },
      {
        "BoxHandlingCharge": 0,
        "Code": "U3",
        "ContractFreightTypesApplied": 0,
        "Cost": 0,
        "Description": "3 business days, your UPS account",
        "EstimatedArrival": "10/05/2017",
        "FreightCharge": 0,
        "InsuranceCharge": 0,
        "IsCustomerAccount": true,
        "Name": "UPS 3 Day Select -Consignee Billing",
        "OrderHandlingCharge": 0,
        "OtherCharge": 0,
        "SaturdayCharge": 0,
        "SpecialCode": "",
        "TotalCharge": 0,
        "TransitBusinessDays": "NA",
        "TotalWeight": 60,
        "WeightType": "A"
      },
      {
        "BoxHandlingCharge": 0,
        "Code": "UG",
        "ContractFreightTypesApplied": 0,
        "Cost": 0,
        "Description": "2-5 business days, your UPS account",
        "EstimatedArrival": "n/a",
        "FreightCharge": 0,
        "InsuranceCharge": 0,
        "IsCustomerAccount": true,
        "Name": "UPS Ground - Consignee Billing",
        "OrderHandlingCharge": 0,
        "OtherCharge": 0,
        "SaturdayCharge": 0,
        "SpecialCode": "",
        "TotalCharge": 0,
        "TransitBusinessDays": "NA",
        "TotalWeight": 60,
        "WeightType": "A"
      }
    ]
  },
  "PackageCount": 2,
  "TransactionIdentifier": "3A17236A-C31C-46C0-97B4-5CE3E8877295"
}