﻿{
  "ErrorMessage": "",
  "Freight": {
    "Details": [
      {
        "OrderLineNumber": 4,
        "ProductCode": "1676818",
        "ShippingMethods": [
          {
            "BoxHandlingCharge": 0,
            "Code": "E2",
            "ContractFreightTypesApplied": 0,
            "Cost": 18.64,
            "DropShipMethodCode": "",
            "FreightCharge": 27.96,
            "InsuranceCharge": 23.45,
            "OrderHandlingCharge": 0,
            "OtherCharge": 0.36,
            "SaturdayCharge": 0,
            "TotalCharge": 51.77
          },
          {
            "BoxHandlingCharge": 0,
            "Code": "E8",
            "ContractFreightTypesApplied": 0,
            "Cost": 28.07,
            "DropShipMethodCode": "",
            "FreightCharge": 42.1,
            "InsuranceCharge": 23.45,
            "OrderHandlingCharge": 0,
            "OtherCharge": 0.36,
            "SaturdayCharge": 0,
            "TotalCharge": 65.91
          },
          {
            "BoxHandlingCharge": 0.29,
            "Code": "EM",
            "ContractFreightTypesApplied": 0,
            "Cost": 66.76,
            "DropShipMethodCode": "",
            "FreightCharge": 66.76,
            "InsuranceCharge": 65.65,
            "OrderHandlingCharge": 2.76,
            "OtherCharge": 0,
            "SaturdayCharge": 0,
            "TotalCharge": 135.46
          },
          {
            "BoxHandlingCharge": 0,
            "Code": "P1",
            "ContractFreightTypesApplied": 0,
            "Cost": 35.97,
            "DropShipMethodCode": "",
            "FreightCharge": 0,
            "InsuranceCharge": 0,
            "OrderHandlingCharge": 0,
            "OtherCharge": 0,
            "SaturdayCharge": 0,
            "TotalCharge": 0
          },
          {
            "BoxHandlingCharge": 0,
            "Code": "P2",
            "ContractFreightTypesApplied": 0,
            "Cost": 23.27,
            "DropShipMethodCode": "",
            "FreightCharge": 0,
            "InsuranceCharge": 0,
            "OrderHandlingCharge": 0,
            "OtherCharge": 0,
            "SaturdayCharge": 0,
            "TotalCharge": 0
          },
          {
            "BoxHandlingCharge": 0.29,
            "Code": "PM",
            "ContractFreightTypesApplied": 0,
            "Cost": 40.23,
            "DropShipMethodCode": "",
            "FreightCharge": 40.23,
            "InsuranceCharge": 65.65,
            "OrderHandlingCharge": 2.76,
            "OtherCharge": 0,
            "SaturdayCharge": 0,
            "TotalCharge": 108.93
          },
          {
            "BoxHandlingCharge": 0,
            "Code": "U1",
            "ContractFreightTypesApplied": 0,
            "Cost": 35.97,
            "DropShipMethodCode": "",
            "FreightCharge": 0,
            "InsuranceCharge": 0,
            "OrderHandlingCharge": 0,
            "OtherCharge": 0,
            "SaturdayCharge": 0,
            "TotalCharge": 0
          },
          {
            "BoxHandlingCharge": 0,
            "Code": "U2",
            "ContractFreightTypesApplied": 0,
            "Cost": 23.27,
            "DropShipMethodCode": "",
            "FreightCharge": 0,
            "InsuranceCharge": 0,
            "OrderHandlingCharge": 0,
            "OtherCharge": 0,
            "SaturdayCharge": 0,
            "TotalCharge": 0
          },
          {
            "BoxHandlingCharge": 0,
            "Code": "V2",
            "ContractFreightTypesApplied": 0,
            "Cost": 23.27,
            "DropShipMethodCode": "",
            "FreightCharge": 34.9,
            "InsuranceCharge": 23.45,
            "OrderHandlingCharge": 0,
            "OtherCharge": 0.36,
            "SaturdayCharge": 0,
            "TotalCharge": 58.71
          },
          {
            "BoxHandlingCharge": 0,
            "Code": "V8",
            "ContractFreightTypesApplied": 0,
            "Cost": 35.97,
            "DropShipMethodCode": "",
            "FreightCharge": 53.96,
            "InsuranceCharge": 23.45,
            "OrderHandlingCharge": 0,
            "OtherCharge": 0.36,
            "SaturdayCharge": 0,
            "TotalCharge": 77.77
          },
          {
            "BoxHandlingCharge": 0,
            "Code": "VB",
            "ContractFreightTypesApplied": 0,
            "Cost": 15.66,
            "DropShipMethodCode": "",
            "FreightCharge": 23.49,
            "InsuranceCharge": 23.45,
            "OrderHandlingCharge": 0,
            "OtherCharge": 0.36,
            "SaturdayCharge": 0,
            "TotalCharge": 47.3
          },
          {
            "BoxHandlingCharge": 0,
            "Code": "VG",
            "ContractFreightTypesApplied": 0,
            "Cost": 15.66,
            "DropShipMethodCode": "",
            "FreightCharge": 0,
            "InsuranceCharge": 0,
            "OrderHandlingCharge": 0,
            "OtherCharge": 0,
            "SaturdayCharge": 0,
            "TotalCharge": 0
          },
          {
            "BoxHandlingCharge": 0,
            "Code": "WG",
            "ContractFreightTypesApplied": 0,
            "Cost": 15.66,
            "DropShipMethodCode": "",
            "FreightCharge": 0,
            "InsuranceCharge": 0,
            "OrderHandlingCharge": 0,
            "OtherCharge": 0,
            "SaturdayCharge": 0,
            "TotalCharge": 0
          },
          {
            "BoxHandlingCharge": 0,
            "Code": "X3",
            "ContractFreightTypesApplied": 0,
            "Cost": 18.64,
            "DropShipMethodCode": "",
            "FreightCharge": 0,
            "InsuranceCharge": 0,
            "OrderHandlingCharge": 0,
            "OtherCharge": 0,
            "SaturdayCharge": 0,
            "TotalCharge": 0
          },
          {
            "BoxHandlingCharge": 0,
            "Code": "X7",
            "ContractFreightTypesApplied": 0,
            "Cost": 28.07,
            "DropShipMethodCode": "",
            "FreightCharge": 0,
            "InsuranceCharge": 0,
            "OrderHandlingCharge": 0,
            "OtherCharge": 0,
            "SaturdayCharge": 0,
            "TotalCharge": 0
          },
          {
            "BoxHandlingCharge": 0,
            "Code": "WC",
            "ContractFreightTypesApplied": 0,
            "Cost": 0,
            "DropShipMethodCode": "",
            "FreightCharge": 0,
            "InsuranceCharge": 0,
            "OrderHandlingCharge": 0,
            "OtherCharge": 0,
            "SaturdayCharge": 0,
            "TotalCharge": 0
          }
        ],
        "Weight": 8.58
      },
      {
        "OrderLineNumber": 5,
        "ProductCode": "1676819",
        "ShippingMethods": [
          {
            "BoxHandlingCharge": 0,
            "Code": "E2",
            "ContractFreightTypesApplied": 0,
            "Cost": 18.77,
            "DropShipMethodCode": "",
            "FreightCharge": 28.16,
            "InsuranceCharge": 23.45,
            "OrderHandlingCharge": 0,
            "OtherCharge": 0.36,
            "SaturdayCharge": 0,
            "TotalCharge": 51.97
          },
          {
            "BoxHandlingCharge": 0,
            "Code": "E8",
            "ContractFreightTypesApplied": 0,
            "Cost": 28.26,
            "DropShipMethodCode": "",
            "FreightCharge": 42.4,
            "InsuranceCharge": 23.45,
            "OrderHandlingCharge": 0,
            "OtherCharge": 0.36,
            "SaturdayCharge": 0,
            "TotalCharge": 66.21
          },
          {
            "BoxHandlingCharge": 0.29,
            "Code": "EM",
            "ContractFreightTypesApplied": 0,
            "Cost": 67.22,
            "DropShipMethodCode": "",
            "FreightCharge": 67.22,
            "InsuranceCharge": 65.65,
            "OrderHandlingCharge": 2.78,
            "OtherCharge": 0,
            "SaturdayCharge": 0,
            "TotalCharge": 135.94
          },
          {
            "BoxHandlingCharge": 0,
            "Code": "P1",
            "ContractFreightTypesApplied": 0,
            "Cost": 36.22,
            "DropShipMethodCode": "",
            "FreightCharge": 0,
            "InsuranceCharge": 0,
            "OrderHandlingCharge": 0,
            "OtherCharge": 0,
            "SaturdayCharge": 0,
            "TotalCharge": 0
          },
          {
            "BoxHandlingCharge": 0,
            "Code": "P2",
            "ContractFreightTypesApplied": 0,
            "Cost": 23.43,
            "DropShipMethodCode": "",
            "FreightCharge": 0,
            "InsuranceCharge": 0,
            "OrderHandlingCharge": 0,
            "OtherCharge": 0,
            "SaturdayCharge": 0,
            "TotalCharge": 0
          },
          {
            "BoxHandlingCharge": 0.29,
            "Code": "PM",
            "ContractFreightTypesApplied": 0,
            "Cost": 40.51,
            "DropShipMethodCode": "",
            "FreightCharge": 40.51,
            "InsuranceCharge": 65.65,
            "OrderHandlingCharge": 2.78,
            "OtherCharge": 0,
            "SaturdayCharge": 0,
            "TotalCharge": 109.23
          },
          {
            "BoxHandlingCharge": 0,
            "Code": "U1",
            "ContractFreightTypesApplied": 0,
            "Cost": 36.22,
            "DropShipMethodCode": "",
            "FreightCharge": 0,
            "InsuranceCharge": 0,
            "OrderHandlingCharge": 0,
            "OtherCharge": 0,
            "SaturdayCharge": 0,
            "TotalCharge": 0
          },
          {
            "BoxHandlingCharge": 0,
            "Code": "U2",
            "ContractFreightTypesApplied": 0,
            "Cost": 23.43,
            "DropShipMethodCode": "",
            "FreightCharge": 0,
            "InsuranceCharge": 0,
            "OrderHandlingCharge": 0,
            "OtherCharge": 0,
            "SaturdayCharge": 0,
            "TotalCharge": 0
          },
          {
            "BoxHandlingCharge": 0,
            "Code": "V2",
            "ContractFreightTypesApplied": 0,
            "Cost": 23.43,
            "DropShipMethodCode": "",
            "FreightCharge": 35.14,
            "InsuranceCharge": 23.45,
            "OrderHandlingCharge": 0,
            "OtherCharge": 0.36,
            "SaturdayCharge": 0,
            "TotalCharge": 58.95
          },
          {
            "BoxHandlingCharge": 0,
            "Code": "V8",
            "ContractFreightTypesApplied": 0,
            "Cost": 36.22,
            "DropShipMethodCode": "",
            "FreightCharge": 54.34,
            "InsuranceCharge": 23.45,
            "OrderHandlingCharge": 0,
            "OtherCharge": 0.36,
            "SaturdayCharge": 0,
            "TotalCharge": 78.15
          },
          {
            "BoxHandlingCharge": 0,
            "Code": "VB",
            "ContractFreightTypesApplied": 0,
            "Cost": 15.77,
            "DropShipMethodCode": "",
            "FreightCharge": 23.65,
            "InsuranceCharge": 23.45,
            "OrderHandlingCharge": 0,
            "OtherCharge": 0.36,
            "SaturdayCharge": 0,
            "TotalCharge": 47.46
          },
          {
            "BoxHandlingCharge": 0,
            "Code": "VG",
            "ContractFreightTypesApplied": 0,
            "Cost": 15.77,
            "DropShipMethodCode": "",
            "FreightCharge": 0,
            "InsuranceCharge": 0,
            "OrderHandlingCharge": 0,
            "OtherCharge": 0,
            "SaturdayCharge": 0,
            "TotalCharge": 0
          },
          {
            "BoxHandlingCharge": 0,
            "Code": "WG",
            "ContractFreightTypesApplied": 0,
            "Cost": 15.77,
            "DropShipMethodCode": "",
            "FreightCharge": 0,
            "InsuranceCharge": 0,
            "OrderHandlingCharge": 0,
            "OtherCharge": 0,
            "SaturdayCharge": 0,
            "TotalCharge": 0
          },
          {
            "BoxHandlingCharge": 0,
            "Code": "X3",
            "ContractFreightTypesApplied": 0,
            "Cost": 18.77,
            "DropShipMethodCode": "",
            "FreightCharge": 0,
            "InsuranceCharge": 0,
            "OrderHandlingCharge": 0,
            "OtherCharge": 0,
            "SaturdayCharge": 0,
            "TotalCharge": 0
          },
          {
            "BoxHandlingCharge": 0,
            "Code": "X7",
            "ContractFreightTypesApplied": 0,
            "Cost": 28.26,
            "DropShipMethodCode": "",
            "FreightCharge": 0,
            "InsuranceCharge": 0,
            "OrderHandlingCharge": 0,
            "OtherCharge": 0,
            "SaturdayCharge": 0,
            "TotalCharge": 0
          },
          {
            "BoxHandlingCharge": 0,
            "Code": "WC",
            "ContractFreightTypesApplied": 0,
            "Cost": 0,
            "DropShipMethodCode": "",
            "FreightCharge": 0,
            "InsuranceCharge": 0,
            "OrderHandlingCharge": 0,
            "OtherCharge": 0,
            "SaturdayCharge": 0,
            "TotalCharge": 0
          }
        ],
        "Weight": 8.64
      },
      {
        "OrderLineNumber": 6,
        "ProductCode": "1676817",
        "ShippingMethods": [
          {
            "BoxHandlingCharge": 0,
            "Code": "E2",
            "ContractFreightTypesApplied": 0,
            "Cost": 18.64,
            "DropShipMethodCode": "",
            "FreightCharge": 27.96,
            "InsuranceCharge": 23.45,
            "OrderHandlingCharge": 0,
            "OtherCharge": 0.36,
            "SaturdayCharge": 0,
            "TotalCharge": 51.77
          },
          {
            "BoxHandlingCharge": 0,
            "Code": "E8",
            "ContractFreightTypesApplied": 0,
            "Cost": 28.07,
            "DropShipMethodCode": "",
            "FreightCharge": 42.1,
            "InsuranceCharge": 23.45,
            "OrderHandlingCharge": 0,
            "OtherCharge": 0.36,
            "SaturdayCharge": 0,
            "TotalCharge": 65.91
          },
          {
            "BoxHandlingCharge": 0.29,
            "Code": "EM",
            "ContractFreightTypesApplied": 0,
            "Cost": 66.76,
            "DropShipMethodCode": "",
            "FreightCharge": 66.76,
            "InsuranceCharge": 65.65,
            "OrderHandlingCharge": 2.76,
            "OtherCharge": 0,
            "SaturdayCharge": 0,
            "TotalCharge": 135.46
          },
          {
            "BoxHandlingCharge": 0,
            "Code": "P1",
            "ContractFreightTypesApplied": 0,
            "Cost": 35.97,
            "DropShipMethodCode": "",
            "FreightCharge": 0,
            "InsuranceCharge": 0,
            "OrderHandlingCharge": 0,
            "OtherCharge": 0,
            "SaturdayCharge": 0,
            "TotalCharge": 0
          },
          {
            "BoxHandlingCharge": 0,
            "Code": "P2",
            "ContractFreightTypesApplied": 0,
            "Cost": 23.27,
            "DropShipMethodCode": "",
            "FreightCharge": 0,
            "InsuranceCharge": 0,
            "OrderHandlingCharge": 0,
            "OtherCharge": 0,
            "SaturdayCharge": 0,
            "TotalCharge": 0
          },
          {
            "BoxHandlingCharge": 0.29,
            "Code": "PM",
            "ContractFreightTypesApplied": 0,
            "Cost": 40.23,
            "DropShipMethodCode": "",
            "FreightCharge": 40.23,
            "InsuranceCharge": 65.65,
            "OrderHandlingCharge": 2.76,
            "OtherCharge": 0,
            "SaturdayCharge": 0,
            "TotalCharge": 108.93
          },
          {
            "BoxHandlingCharge": 0,
            "Code": "U1",
            "ContractFreightTypesApplied": 0,
            "Cost": 35.97,
            "DropShipMethodCode": "",
            "FreightCharge": 0,
            "InsuranceCharge": 0,
            "OrderHandlingCharge": 0,
            "OtherCharge": 0,
            "SaturdayCharge": 0,
            "TotalCharge": 0
          },
          {
            "BoxHandlingCharge": 0,
            "Code": "U2",
            "ContractFreightTypesApplied": 0,
            "Cost": 23.27,
            "DropShipMethodCode": "",
            "FreightCharge": 0,
            "InsuranceCharge": 0,
            "OrderHandlingCharge": 0,
            "OtherCharge": 0,
            "SaturdayCharge": 0,
            "TotalCharge": 0
          },
          {
            "BoxHandlingCharge": 0,
            "Code": "V2",
            "ContractFreightTypesApplied": 0,
            "Cost": 23.27,
            "DropShipMethodCode": "",
            "FreightCharge": 34.9,
            "InsuranceCharge": 23.45,
            "OrderHandlingCharge": 0,
            "OtherCharge": 0.36,
            "SaturdayCharge": 0,
            "TotalCharge": 58.71
          },
          {
            "BoxHandlingCharge": 0,
            "Code": "V8",
            "ContractFreightTypesApplied": 0,
            "Cost": 35.97,
            "DropShipMethodCode": "",
            "FreightCharge": 53.96,
            "InsuranceCharge": 23.45,
            "OrderHandlingCharge": 0,
            "OtherCharge": 0.36,
            "SaturdayCharge": 0,
            "TotalCharge": 77.77
          },
          {
            "BoxHandlingCharge": 0,
            "Code": "VB",
            "ContractFreightTypesApplied": 0,
            "Cost": 15.66,
            "DropShipMethodCode": "",
            "FreightCharge": 23.49,
            "InsuranceCharge": 23.45,
            "OrderHandlingCharge": 0,
            "OtherCharge": 0.36,
            "SaturdayCharge": 0,
            "TotalCharge": 47.3
          },
          {
            "BoxHandlingCharge": 0,
            "Code": "VG",
            "ContractFreightTypesApplied": 0,
            "Cost": 15.66,
            "DropShipMethodCode": "",
            "FreightCharge": 0,
            "InsuranceCharge": 0,
            "OrderHandlingCharge": 0,
            "OtherCharge": 0,
            "SaturdayCharge": 0,
            "TotalCharge": 0
          },
          {
            "BoxHandlingCharge": 0,
            "Code": "WG",
            "ContractFreightTypesApplied": 0,
            "Cost": 15.66,
            "DropShipMethodCode": "",
            "FreightCharge": 0,
            "InsuranceCharge": 0,
            "OrderHandlingCharge": 0,
            "OtherCharge": 0,
            "SaturdayCharge": 0,
            "TotalCharge": 0
          },
          {
            "BoxHandlingCharge": 0,
            "Code": "X3",
            "ContractFreightTypesApplied": 0,
            "Cost": 18.64,
            "DropShipMethodCode": "",
            "FreightCharge": 0,
            "InsuranceCharge": 0,
            "OrderHandlingCharge": 0,
            "OtherCharge": 0,
            "SaturdayCharge": 0,
            "TotalCharge": 0
          },
          {
            "BoxHandlingCharge": 0,
            "Code": "X7",
            "ContractFreightTypesApplied": 0,
            "Cost": 28.07,
            "DropShipMethodCode": "",
            "FreightCharge": 0,
            "InsuranceCharge": 0,
            "OrderHandlingCharge": 0,
            "OtherCharge": 0,
            "SaturdayCharge": 0,
            "TotalCharge": 0
          },
          {
            "BoxHandlingCharge": 0,
            "Code": "WC",
            "ContractFreightTypesApplied": 0,
            "Cost": 0,
            "DropShipMethodCode": "",
            "FreightCharge": 0,
            "InsuranceCharge": 0,
            "OrderHandlingCharge": 0,
            "OtherCharge": 0,
            "SaturdayCharge": 0,
            "TotalCharge": 0
          }
        ],
        "Weight": 8.58
      },
      {
        "OrderLineNumber": 7,
        "ProductCode": "1676820",
        "ShippingMethods": [
          {
            "BoxHandlingCharge": 0,
            "Code": "E2",
            "ContractFreightTypesApplied": 0,
            "Cost": 18.82,
            "DropShipMethodCode": "",
            "FreightCharge": 28.21,
            "InsuranceCharge": 23.43,
            "OrderHandlingCharge": 0,
            "OtherCharge": 0.37,
            "SaturdayCharge": 0,
            "TotalCharge": 52.01
          },
          {
            "BoxHandlingCharge": 0,
            "Code": "E8",
            "ContractFreightTypesApplied": 0,
            "Cost": 28.31,
            "DropShipMethodCode": "",
            "FreightCharge": 42.47,
            "InsuranceCharge": 23.43,
            "OrderHandlingCharge": 0,
            "OtherCharge": 0.37,
            "SaturdayCharge": 0,
            "TotalCharge": 66.27
          },
          {
            "BoxHandlingCharge": 0.28,
            "Code": "EM",
            "ContractFreightTypesApplied": 0,
            "Cost": 67.33,
            "DropShipMethodCode": "",
            "FreightCharge": 67.33,
            "InsuranceCharge": 65.63,
            "OrderHandlingCharge": 2.8,
            "OtherCharge": 0,
            "SaturdayCharge": 0,
            "TotalCharge": 136.04
          },
          {
            "BoxHandlingCharge": 0,
            "Code": "P1",
            "ContractFreightTypesApplied": 0,
            "Cost": 36.29,
            "DropShipMethodCode": "",
            "FreightCharge": 0,
            "InsuranceCharge": 0,
            "OrderHandlingCharge": 0,
            "OtherCharge": 0,
            "SaturdayCharge": 0,
            "TotalCharge": 0
          },
          {
            "BoxHandlingCharge": 0,
            "Code": "P2",
            "ContractFreightTypesApplied": 0,
            "Cost": 23.46,
            "DropShipMethodCode": "",
            "FreightCharge": 0,
            "InsuranceCharge": 0,
            "OrderHandlingCharge": 0,
            "OtherCharge": 0,
            "SaturdayCharge": 0,
            "TotalCharge": 0
          },
          {
            "BoxHandlingCharge": 0.28,
            "Code": "PM",
            "ContractFreightTypesApplied": 0,
            "Cost": 40.57,
            "DropShipMethodCode": "",
            "FreightCharge": 40.57,
            "InsuranceCharge": 65.63,
            "OrderHandlingCharge": 2.8,
            "OtherCharge": 0,
            "SaturdayCharge": 0,
            "TotalCharge": 109.28
          },
          {
            "BoxHandlingCharge": 0,
            "Code": "U1",
            "ContractFreightTypesApplied": 0,
            "Cost": 36.29,
            "DropShipMethodCode": "",
            "FreightCharge": 0,
            "InsuranceCharge": 0,
            "OrderHandlingCharge": 0,
            "OtherCharge": 0,
            "SaturdayCharge": 0,
            "TotalCharge": 0
          },
          {
            "BoxHandlingCharge": 0,
            "Code": "U2",
            "ContractFreightTypesApplied": 0,
            "Cost": 23.46,
            "DropShipMethodCode": "",
            "FreightCharge": 0,
            "InsuranceCharge": 0,
            "OrderHandlingCharge": 0,
            "OtherCharge": 0,
            "SaturdayCharge": 0,
            "TotalCharge": 0
          },
          {
            "BoxHandlingCharge": 0,
            "Code": "V2",
            "ContractFreightTypesApplied": 0,
            "Cost": 23.46,
            "DropShipMethodCode": "",
            "FreightCharge": 35.2,
            "InsuranceCharge": 23.43,
            "OrderHandlingCharge": 0,
            "OtherCharge": 0.37,
            "SaturdayCharge": 0,
            "TotalCharge": 59
          },
          {
            "BoxHandlingCharge": 0,
            "Code": "V8",
            "ContractFreightTypesApplied": 0,
            "Cost": 36.29,
            "DropShipMethodCode": "",
            "FreightCharge": 54.43,
            "InsuranceCharge": 23.43,
            "OrderHandlingCharge": 0,
            "OtherCharge": 0.37,
            "SaturdayCharge": 0,
            "TotalCharge": 78.23
          },
          {
            "BoxHandlingCharge": 0,
            "Code": "VB",
            "ContractFreightTypesApplied": 0,
            "Cost": 15.79,
            "DropShipMethodCode": "",
            "FreightCharge": 23.69,
            "InsuranceCharge": 23.43,
            "OrderHandlingCharge": 0,
            "OtherCharge": 0.37,
            "SaturdayCharge": 0,
            "TotalCharge": 47.49
          },
          {
            "BoxHandlingCharge": 0,
            "Code": "VG",
            "ContractFreightTypesApplied": 0,
            "Cost": 15.79,
            "DropShipMethodCode": "",
            "FreightCharge": 0,
            "InsuranceCharge": 0,
            "OrderHandlingCharge": 0,
            "OtherCharge": 0,
            "SaturdayCharge": 0,
            "TotalCharge": 0
          },
          {
            "BoxHandlingCharge": 0,
            "Code": "WG",
            "ContractFreightTypesApplied": 0,
            "Cost": 15.79,
            "DropShipMethodCode": "",
            "FreightCharge": 0,
            "InsuranceCharge": 0,
            "OrderHandlingCharge": 0,
            "OtherCharge": 0,
            "SaturdayCharge": 0,
            "TotalCharge": 0
          },
          {
            "BoxHandlingCharge": 0,
            "Code": "X3",
            "ContractFreightTypesApplied": 0,
            "Cost": 18.82,
            "DropShipMethodCode": "",
            "FreightCharge": 0,
            "InsuranceCharge": 0,
            "OrderHandlingCharge": 0,
            "OtherCharge": 0,
            "SaturdayCharge": 0,
            "TotalCharge": 0
          },
          {
            "BoxHandlingCharge": 0,
            "Code": "X7",
            "ContractFreightTypesApplied": 0,
            "Cost": 28.31,
            "DropShipMethodCode": "",
            "FreightCharge": 0,
            "InsuranceCharge": 0,
            "OrderHandlingCharge": 0,
            "OtherCharge": 0,
            "SaturdayCharge": 0,
            "TotalCharge": 0
          },
          {
            "BoxHandlingCharge": 0,
            "Code": "WC",
            "ContractFreightTypesApplied": 0,
            "Cost": 0,
            "DropShipMethodCode": "",
            "FreightCharge": 0,
            "InsuranceCharge": 0,
            "OrderHandlingCharge": 0,
            "OtherCharge": 0,
            "SaturdayCharge": 0,
            "TotalCharge": 0
          }
        ],
        "Weight": 8.655
      },
      {
        "OrderLineNumber": 8,
        "ProductCode": "1128119",
        "ShippingMethods": [
          {
            "BoxHandlingCharge": 0,
            "Code": "E2",
            "ContractFreightTypesApplied": 0,
            "Cost": 1.09,
            "DropShipMethodCode": "",
            "FreightCharge": 1.63,
            "InsuranceCharge": 4.2,
            "OrderHandlingCharge": 0,
            "OtherCharge": 0.02,
            "SaturdayCharge": 0,
            "TotalCharge": 5.85
          },
          {
            "BoxHandlingCharge": 0,
            "Code": "E8",
            "ContractFreightTypesApplied": 0,
            "Cost": 1.64,
            "DropShipMethodCode": "",
            "FreightCharge": 2.45,
            "InsuranceCharge": 4.2,
            "OrderHandlingCharge": 0,
            "OtherCharge": 0.02,
            "SaturdayCharge": 0,
            "TotalCharge": 6.67
          },
          {
            "BoxHandlingCharge": 0.02,
            "Code": "EM",
            "ContractFreightTypesApplied": 0,
            "Cost": 3.89,
            "DropShipMethodCode": "",
            "FreightCharge": 3.89,
            "InsuranceCharge": 11.76,
            "OrderHandlingCharge": 0.16,
            "OtherCharge": 0,
            "SaturdayCharge": 0,
            "TotalCharge": 15.83
          },
          {
            "BoxHandlingCharge": 0,
            "Code": "P1",
            "ContractFreightTypesApplied": 0,
            "Cost": 2.1,
            "DropShipMethodCode": "",
            "FreightCharge": 0,
            "InsuranceCharge": 0,
            "OrderHandlingCharge": 0,
            "OtherCharge": 0,
            "SaturdayCharge": 0,
            "TotalCharge": 0
          },
          {
            "BoxHandlingCharge": 0,
            "Code": "P2",
            "ContractFreightTypesApplied": 0,
            "Cost": 1.36,
            "DropShipMethodCode": "",
            "FreightCharge": 0,
            "InsuranceCharge": 0,
            "OrderHandlingCharge": 0,
            "OtherCharge": 0,
            "SaturdayCharge": 0,
            "TotalCharge": 0
          },
          {
            "BoxHandlingCharge": 0.02,
            "Code": "PM",
            "ContractFreightTypesApplied": 0,
            "Cost": 2.34,
            "DropShipMethodCode": "",
            "FreightCharge": 2.34,
            "InsuranceCharge": 11.76,
            "OrderHandlingCharge": 0.16,
            "OtherCharge": 0,
            "SaturdayCharge": 0,
            "TotalCharge": 14.28
          },
          {
            "BoxHandlingCharge": 0,
            "Code": "U1",
            "ContractFreightTypesApplied": 0,
            "Cost": 2.1,
            "DropShipMethodCode": "",
            "FreightCharge": 0,
            "InsuranceCharge": 0,
            "OrderHandlingCharge": 0,
            "OtherCharge": 0,
            "SaturdayCharge": 0,
            "TotalCharge": 0
          },
          {
            "BoxHandlingCharge": 0,
            "Code": "U2",
            "ContractFreightTypesApplied": 0,
            "Cost": 1.36,
            "DropShipMethodCode": "",
            "FreightCharge": 0,
            "InsuranceCharge": 0,
            "OrderHandlingCharge": 0,
            "OtherCharge": 0,
            "SaturdayCharge": 0,
            "TotalCharge": 0
          },
          {
            "BoxHandlingCharge": 0,
            "Code": "V2",
            "ContractFreightTypesApplied": 0,
            "Cost": 1.36,
            "DropShipMethodCode": "",
            "FreightCharge": 2.03,
            "InsuranceCharge": 4.2,
            "OrderHandlingCharge": 0,
            "OtherCharge": 0.02,
            "SaturdayCharge": 0,
            "TotalCharge": 6.25
          },
          {
            "BoxHandlingCharge": 0,
            "Code": "V8",
            "ContractFreightTypesApplied": 0,
            "Cost": 2.1,
            "DropShipMethodCode": "",
            "FreightCharge": 3.14,
            "InsuranceCharge": 4.2,
            "OrderHandlingCharge": 0,
            "OtherCharge": 0.02,
            "SaturdayCharge": 0,
            "TotalCharge": 7.36
          },
          {
            "BoxHandlingCharge": 0,
            "Code": "VB",
            "ContractFreightTypesApplied": 0,
            "Cost": 0.91,
            "DropShipMethodCode": "",
            "FreightCharge": 1.37,
            "InsuranceCharge": 4.2,
            "OrderHandlingCharge": 0,
            "OtherCharge": 0.02,
            "SaturdayCharge": 0,
            "TotalCharge": 5.59
          },
          {
            "BoxHandlingCharge": 0,
            "Code": "VG",
            "ContractFreightTypesApplied": 0,
            "Cost": 0.91,
            "DropShipMethodCode": "",
            "FreightCharge": 0,
            "InsuranceCharge": 0,
            "OrderHandlingCharge": 0,
            "OtherCharge": 0,
            "SaturdayCharge": 0,
            "TotalCharge": 0
          },
          {
            "BoxHandlingCharge": 0,
            "Code": "WG",
            "ContractFreightTypesApplied": 0,
            "Cost": 0.91,
            "DropShipMethodCode": "",
            "FreightCharge": 0,
            "InsuranceCharge": 0,
            "OrderHandlingCharge": 0,
            "OtherCharge": 0,
            "SaturdayCharge": 0,
            "TotalCharge": 0
          },
          {
            "BoxHandlingCharge": 0,
            "Code": "X3",
            "ContractFreightTypesApplied": 0,
            "Cost": 1.09,
            "DropShipMethodCode": "",
            "FreightCharge": 0,
            "InsuranceCharge": 0,
            "OrderHandlingCharge": 0,
            "OtherCharge": 0,
            "SaturdayCharge": 0,
            "TotalCharge": 0
          },
          {
            "BoxHandlingCharge": 0,
            "Code": "X7",
            "ContractFreightTypesApplied": 0,
            "Cost": 1.64,
            "DropShipMethodCode": "",
            "FreightCharge": 0,
            "InsuranceCharge": 0,
            "OrderHandlingCharge": 0,
            "OtherCharge": 0,
            "SaturdayCharge": 0,
            "TotalCharge": 0
          },
          {
            "BoxHandlingCharge": 0,
            "Code": "WC",
            "ContractFreightTypesApplied": 0,
            "Cost": 0,
            "DropShipMethodCode": "",
            "FreightCharge": 0,
            "InsuranceCharge": 0,
            "OrderHandlingCharge": 0,
            "OtherCharge": 0,
            "SaturdayCharge": 0,
            "TotalCharge": 0
          }
        ],
        "Weight": 0.5
      },
      {
        "OrderLineNumber": 9,
        "ProductCode": "1128114",
        "ShippingMethods": [
          {
            "BoxHandlingCharge": 0,
            "Code": "E2",
            "ContractFreightTypesApplied": 0,
            "Cost": 0.53,
            "DropShipMethodCode": "",
            "FreightCharge": 0.8,
            "InsuranceCharge": 4.2,
            "OrderHandlingCharge": 0,
            "OtherCharge": 0.01,
            "SaturdayCharge": 0,
            "TotalCharge": 5.01
          },
          {
            "BoxHandlingCharge": 0,
            "Code": "E8",
            "ContractFreightTypesApplied": 0,
            "Cost": 0.8,
            "DropShipMethodCode": "",
            "FreightCharge": 1.2,
            "InsuranceCharge": 4.2,
            "OrderHandlingCharge": 0,
            "OtherCharge": 0.01,
            "SaturdayCharge": 0,
            "TotalCharge": 5.41
          },
          {
            "BoxHandlingCharge": 0.01,
            "Code": "EM",
            "ContractFreightTypesApplied": 0,
            "Cost": 1.91,
            "DropShipMethodCode": "",
            "FreightCharge": 1.91,
            "InsuranceCharge": 11.76,
            "OrderHandlingCharge": 0.08,
            "OtherCharge": 0,
            "SaturdayCharge": 0,
            "TotalCharge": 13.76
          },
          {
            "BoxHandlingCharge": 0,
            "Code": "P1",
            "ContractFreightTypesApplied": 0,
            "Cost": 1.03,
            "DropShipMethodCode": "",
            "FreightCharge": 0,
            "InsuranceCharge": 0,
            "OrderHandlingCharge": 0,
            "OtherCharge": 0,
            "SaturdayCharge": 0,
            "TotalCharge": 0
          },
          {
            "BoxHandlingCharge": 0,
            "Code": "P2",
            "ContractFreightTypesApplied": 0,
            "Cost": 0.66,
            "DropShipMethodCode": "",
            "FreightCharge": 0,
            "InsuranceCharge": 0,
            "OrderHandlingCharge": 0,
            "OtherCharge": 0,
            "SaturdayCharge": 0,
            "TotalCharge": 0
          },
          {
            "BoxHandlingCharge": 0.01,
            "Code": "PM",
            "ContractFreightTypesApplied": 0,
            "Cost": 1.15,
            "DropShipMethodCode": "",
            "FreightCharge": 1.15,
            "InsuranceCharge": 11.76,
            "OrderHandlingCharge": 0.08,
            "OtherCharge": 0,
            "SaturdayCharge": 0,
            "TotalCharge": 13
          },
          {
            "BoxHandlingCharge": 0,
            "Code": "U1",
            "ContractFreightTypesApplied": 0,
            "Cost": 1.03,
            "DropShipMethodCode": "",
            "FreightCharge": 0,
            "InsuranceCharge": 0,
            "OrderHandlingCharge": 0,
            "OtherCharge": 0,
            "SaturdayCharge": 0,
            "TotalCharge": 0
          },
          {
            "BoxHandlingCharge": 0,
            "Code": "U2",
            "ContractFreightTypesApplied": 0,
            "Cost": 0.66,
            "DropShipMethodCode": "",
            "FreightCharge": 0,
            "InsuranceCharge": 0,
            "OrderHandlingCharge": 0,
            "OtherCharge": 0,
            "SaturdayCharge": 0,
            "TotalCharge": 0
          },
          {
            "BoxHandlingCharge": 0,
            "Code": "V2",
            "ContractFreightTypesApplied": 0,
            "Cost": 0.66,
            "DropShipMethodCode": "",
            "FreightCharge": 1,
            "InsuranceCharge": 4.2,
            "OrderHandlingCharge": 0,
            "OtherCharge": 0.01,
            "SaturdayCharge": 0,
            "TotalCharge": 5.21
          },
          {
            "BoxHandlingCharge": 0,
            "Code": "V8",
            "ContractFreightTypesApplied": 0,
            "Cost": 1.03,
            "DropShipMethodCode": "",
            "FreightCharge": 1.54,
            "InsuranceCharge": 4.2,
            "OrderHandlingCharge": 0,
            "OtherCharge": 0.01,
            "SaturdayCharge": 0,
            "TotalCharge": 5.75
          },
          {
            "BoxHandlingCharge": 0,
            "Code": "VB",
            "ContractFreightTypesApplied": 0,
            "Cost": 0.45,
            "DropShipMethodCode": "",
            "FreightCharge": 0.67,
            "InsuranceCharge": 4.2,
            "OrderHandlingCharge": 0,
            "OtherCharge": 0.01,
            "SaturdayCharge": 0,
            "TotalCharge": 4.88
          },
          {
            "BoxHandlingCharge": 0,
            "Code": "VG",
            "ContractFreightTypesApplied": 0,
            "Cost": 0.45,
            "DropShipMethodCode": "",
            "FreightCharge": 0,
            "InsuranceCharge": 0,
            "OrderHandlingCharge": 0,
            "OtherCharge": 0,
            "SaturdayCharge": 0,
            "TotalCharge": 0
          },
          {
            "BoxHandlingCharge": 0,
            "Code": "WG",
            "ContractFreightTypesApplied": 0,
            "Cost": 0.45,
            "DropShipMethodCode": "",
            "FreightCharge": 0,
            "InsuranceCharge": 0,
            "OrderHandlingCharge": 0,
            "OtherCharge": 0,
            "SaturdayCharge": 0,
            "TotalCharge": 0
          },
          {
            "BoxHandlingCharge": 0,
            "Code": "X3",
            "ContractFreightTypesApplied": 0,
            "Cost": 0.53,
            "DropShipMethodCode": "",
            "FreightCharge": 0,
            "InsuranceCharge": 0,
            "OrderHandlingCharge": 0,
            "OtherCharge": 0,
            "SaturdayCharge": 0,
            "TotalCharge": 0
          },
          {
            "BoxHandlingCharge": 0,
            "Code": "X7",
            "ContractFreightTypesApplied": 0,
            "Cost": 0.8,
            "DropShipMethodCode": "",
            "FreightCharge": 0,
            "InsuranceCharge": 0,
            "OrderHandlingCharge": 0,
            "OtherCharge": 0,
            "SaturdayCharge": 0,
            "TotalCharge": 0
          },
          {
            "BoxHandlingCharge": 0,
            "Code": "WC",
            "ContractFreightTypesApplied": 0,
            "Cost": 0,
            "DropShipMethodCode": "",
            "FreightCharge": 0,
            "InsuranceCharge": 0,
            "OrderHandlingCharge": 0,
            "OtherCharge": 0,
            "SaturdayCharge": 0,
            "TotalCharge": 0
          }
        ],
        "Weight": 0.245
      },
      {
        "OrderLineNumber": 10,
        "ProductCode": "1128116",
        "ShippingMethods": [
          {
            "BoxHandlingCharge": 0,
            "Code": "E2",
            "ContractFreightTypesApplied": 0,
            "Cost": 0.56,
            "DropShipMethodCode": "",
            "FreightCharge": 0.85,
            "InsuranceCharge": 4.2,
            "OrderHandlingCharge": 0,
            "OtherCharge": 0.01,
            "SaturdayCharge": 0,
            "TotalCharge": 5.06
          },
          {
            "BoxHandlingCharge": 0,
            "Code": "E8",
            "ContractFreightTypesApplied": 0,
            "Cost": 0.85,
            "DropShipMethodCode": "",
            "FreightCharge": 1.28,
            "InsuranceCharge": 4.2,
            "OrderHandlingCharge": 0,
            "OtherCharge": 0.01,
            "SaturdayCharge": 0,
            "TotalCharge": 5.49
          },
          {
            "BoxHandlingCharge": 0.01,
            "Code": "EM",
            "ContractFreightTypesApplied": 0,
            "Cost": 2.02,
            "DropShipMethodCode": "",
            "FreightCharge": 2.02,
            "InsuranceCharge": 11.76,
            "OrderHandlingCharge": 0.08,
            "OtherCharge": 0,
            "SaturdayCharge": 0,
            "TotalCharge": 13.87
          },
          {
            "BoxHandlingCharge": 0,
            "Code": "P1",
            "ContractFreightTypesApplied": 0,
            "Cost": 1.09,
            "DropShipMethodCode": "",
            "FreightCharge": 0,
            "InsuranceCharge": 0,
            "OrderHandlingCharge": 0,
            "OtherCharge": 0,
            "SaturdayCharge": 0,
            "TotalCharge": 0
          },
          {
            "BoxHandlingCharge": 0,
            "Code": "P2",
            "ContractFreightTypesApplied": 0,
            "Cost": 0.71,
            "DropShipMethodCode": "",
            "FreightCharge": 0,
            "InsuranceCharge": 0,
            "OrderHandlingCharge": 0,
            "OtherCharge": 0,
            "SaturdayCharge": 0,
            "TotalCharge": 0
          },
          {
            "BoxHandlingCharge": 0.01,
            "Code": "PM",
            "ContractFreightTypesApplied": 0,
            "Cost": 1.22,
            "DropShipMethodCode": "",
            "FreightCharge": 1.22,
            "InsuranceCharge": 11.76,
            "OrderHandlingCharge": 0.08,
            "OtherCharge": 0,
            "SaturdayCharge": 0,
            "TotalCharge": 13.07
          },
          {
            "BoxHandlingCharge": 0,
            "Code": "U1",
            "ContractFreightTypesApplied": 0,
            "Cost": 1.09,
            "DropShipMethodCode": "",
            "FreightCharge": 0,
            "InsuranceCharge": 0,
            "OrderHandlingCharge": 0,
            "OtherCharge": 0,
            "SaturdayCharge": 0,
            "TotalCharge": 0
          },
          {
            "BoxHandlingCharge": 0,
            "Code": "U2",
            "ContractFreightTypesApplied": 0,
            "Cost": 0.71,
            "DropShipMethodCode": "",
            "FreightCharge": 0,
            "InsuranceCharge": 0,
            "OrderHandlingCharge": 0,
            "OtherCharge": 0,
            "SaturdayCharge": 0,
            "TotalCharge": 0
          },
          {
            "BoxHandlingCharge": 0,
            "Code": "V2",
            "ContractFreightTypesApplied": 0,
            "Cost": 0.71,
            "DropShipMethodCode": "",
            "FreightCharge": 1.06,
            "InsuranceCharge": 4.2,
            "OrderHandlingCharge": 0,
            "OtherCharge": 0.01,
            "SaturdayCharge": 0,
            "TotalCharge": 5.27
          },
          {
            "BoxHandlingCharge": 0,
            "Code": "V8",
            "ContractFreightTypesApplied": 0,
            "Cost": 1.09,
            "DropShipMethodCode": "",
            "FreightCharge": 1.64,
            "InsuranceCharge": 4.2,
            "OrderHandlingCharge": 0,
            "OtherCharge": 0.01,
            "SaturdayCharge": 0,
            "TotalCharge": 5.85
          },
          {
            "BoxHandlingCharge": 0,
            "Code": "VB",
            "ContractFreightTypesApplied": 0,
            "Cost": 0.47,
            "DropShipMethodCode": "",
            "FreightCharge": 0.71,
            "InsuranceCharge": 4.2,
            "OrderHandlingCharge": 0,
            "OtherCharge": 0.01,
            "SaturdayCharge": 0,
            "TotalCharge": 4.92
          },
          {
            "BoxHandlingCharge": 0,
            "Code": "VG",
            "ContractFreightTypesApplied": 0,
            "Cost": 0.47,
            "DropShipMethodCode": "",
            "FreightCharge": 0,
            "InsuranceCharge": 0,
            "OrderHandlingCharge": 0,
            "OtherCharge": 0,
            "SaturdayCharge": 0,
            "TotalCharge": 0
          },
          {
            "BoxHandlingCharge": 0,
            "Code": "WG",
            "ContractFreightTypesApplied": 0,
            "Cost": 0.47,
            "DropShipMethodCode": "",
            "FreightCharge": 0,
            "InsuranceCharge": 0,
            "OrderHandlingCharge": 0,
            "OtherCharge": 0,
            "SaturdayCharge": 0,
            "TotalCharge": 0
          },
          {
            "BoxHandlingCharge": 0,
            "Code": "X3",
            "ContractFreightTypesApplied": 0,
            "Cost": 0.56,
            "DropShipMethodCode": "",
            "FreightCharge": 0,
            "InsuranceCharge": 0,
            "OrderHandlingCharge": 0,
            "OtherCharge": 0,
            "SaturdayCharge": 0,
            "TotalCharge": 0
          },
          {
            "BoxHandlingCharge": 0,
            "Code": "X7",
            "ContractFreightTypesApplied": 0,
            "Cost": 0.85,
            "DropShipMethodCode": "",
            "FreightCharge": 0,
            "InsuranceCharge": 0,
            "OrderHandlingCharge": 0,
            "OtherCharge": 0,
            "SaturdayCharge": 0,
            "TotalCharge": 0
          },
          {
            "BoxHandlingCharge": 0,
            "Code": "WC",
            "ContractFreightTypesApplied": 0,
            "Cost": 0,
            "DropShipMethodCode": "",
            "FreightCharge": 0,
            "InsuranceCharge": 0,
            "OrderHandlingCharge": 0,
            "OtherCharge": 0,
            "SaturdayCharge": 0,
            "TotalCharge": 0
          }
        ],
        "Weight": 0.26
      },
      {
        "OrderLineNumber": 11,
        "ProductCode": "1128117",
        "ShippingMethods": [
          {
            "BoxHandlingCharge": 0,
            "Code": "E2",
            "ContractFreightTypesApplied": 0,
            "Cost": 0.53,
            "DropShipMethodCode": "",
            "FreightCharge": 0.8,
            "InsuranceCharge": 4.2,
            "OrderHandlingCharge": 0,
            "OtherCharge": 0.01,
            "SaturdayCharge": 0,
            "TotalCharge": 5.01
          },
          {
            "BoxHandlingCharge": 0,
            "Code": "E8",
            "ContractFreightTypesApplied": 0,
            "Cost": 0.8,
            "DropShipMethodCode": "",
            "FreightCharge": 1.2,
            "InsuranceCharge": 4.2,
            "OrderHandlingCharge": 0,
            "OtherCharge": 0.01,
            "SaturdayCharge": 0,
            "TotalCharge": 5.41
          },
          {
            "BoxHandlingCharge": 0.01,
            "Code": "EM",
            "ContractFreightTypesApplied": 0,
            "Cost": 1.91,
            "DropShipMethodCode": "",
            "FreightCharge": 1.91,
            "InsuranceCharge": 11.76,
            "OrderHandlingCharge": 0.08,
            "OtherCharge": 0,
            "SaturdayCharge": 0,
            "TotalCharge": 13.76
          },
          {
            "BoxHandlingCharge": 0,
            "Code": "P1",
            "ContractFreightTypesApplied": 0,
            "Cost": 1.03,
            "DropShipMethodCode": "",
            "FreightCharge": 0,
            "InsuranceCharge": 0,
            "OrderHandlingCharge": 0,
            "OtherCharge": 0,
            "SaturdayCharge": 0,
            "TotalCharge": 0
          },
          {
            "BoxHandlingCharge": 0,
            "Code": "P2",
            "ContractFreightTypesApplied": 0,
            "Cost": 0.66,
            "DropShipMethodCode": "",
            "FreightCharge": 0,
            "InsuranceCharge": 0,
            "OrderHandlingCharge": 0,
            "OtherCharge": 0,
            "SaturdayCharge": 0,
            "TotalCharge": 0
          },
          {
            "BoxHandlingCharge": 0.01,
            "Code": "PM",
            "ContractFreightTypesApplied": 0,
            "Cost": 1.15,
            "DropShipMethodCode": "",
            "FreightCharge": 1.15,
            "InsuranceCharge": 11.76,
            "OrderHandlingCharge": 0.08,
            "OtherCharge": 0,
            "SaturdayCharge": 0,
            "TotalCharge": 13
          },
          {
            "BoxHandlingCharge": 0,
            "Code": "U1",
            "ContractFreightTypesApplied": 0,
            "Cost": 1.03,
            "DropShipMethodCode": "",
            "FreightCharge": 0,
            "InsuranceCharge": 0,
            "OrderHandlingCharge": 0,
            "OtherCharge": 0,
            "SaturdayCharge": 0,
            "TotalCharge": 0
          },
          {
            "BoxHandlingCharge": 0,
            "Code": "U2",
            "ContractFreightTypesApplied": 0,
            "Cost": 0.66,
            "DropShipMethodCode": "",
            "FreightCharge": 0,
            "InsuranceCharge": 0,
            "OrderHandlingCharge": 0,
            "OtherCharge": 0,
            "SaturdayCharge": 0,
            "TotalCharge": 0
          },
          {
            "BoxHandlingCharge": 0,
            "Code": "V2",
            "ContractFreightTypesApplied": 0,
            "Cost": 0.66,
            "DropShipMethodCode": "",
            "FreightCharge": 1,
            "InsuranceCharge": 4.2,
            "OrderHandlingCharge": 0,
            "OtherCharge": 0.01,
            "SaturdayCharge": 0,
            "TotalCharge": 5.21
          },
          {
            "BoxHandlingCharge": 0,
            "Code": "V8",
            "ContractFreightTypesApplied": 0,
            "Cost": 1.03,
            "DropShipMethodCode": "",
            "FreightCharge": 1.54,
            "InsuranceCharge": 4.2,
            "OrderHandlingCharge": 0,
            "OtherCharge": 0.01,
            "SaturdayCharge": 0,
            "TotalCharge": 5.75
          },
          {
            "BoxHandlingCharge": 0,
            "Code": "VB",
            "ContractFreightTypesApplied": 0,
            "Cost": 0.45,
            "DropShipMethodCode": "",
            "FreightCharge": 0.67,
            "InsuranceCharge": 4.2,
            "OrderHandlingCharge": 0,
            "OtherCharge": 0.01,
            "SaturdayCharge": 0,
            "TotalCharge": 4.88
          },
          {
            "BoxHandlingCharge": 0,
            "Code": "VG",
            "ContractFreightTypesApplied": 0,
            "Cost": 0.45,
            "DropShipMethodCode": "",
            "FreightCharge": 0,
            "InsuranceCharge": 0,
            "OrderHandlingCharge": 0,
            "OtherCharge": 0,
            "SaturdayCharge": 0,
            "TotalCharge": 0
          },
          {
            "BoxHandlingCharge": 0,
            "Code": "WG",
            "ContractFreightTypesApplied": 0,
            "Cost": 0.45,
            "DropShipMethodCode": "",
            "FreightCharge": 0,
            "InsuranceCharge": 0,
            "OrderHandlingCharge": 0,
            "OtherCharge": 0,
            "SaturdayCharge": 0,
            "TotalCharge": 0
          },
          {
            "BoxHandlingCharge": 0,
            "Code": "X3",
            "ContractFreightTypesApplied": 0,
            "Cost": 0.53,
            "DropShipMethodCode": "",
            "FreightCharge": 0,
            "InsuranceCharge": 0,
            "OrderHandlingCharge": 0,
            "OtherCharge": 0,
            "SaturdayCharge": 0,
            "TotalCharge": 0
          },
          {
            "BoxHandlingCharge": 0,
            "Code": "X7",
            "ContractFreightTypesApplied": 0,
            "Cost": 0.8,
            "DropShipMethodCode": "",
            "FreightCharge": 0,
            "InsuranceCharge": 0,
            "OrderHandlingCharge": 0,
            "OtherCharge": 0,
            "SaturdayCharge": 0,
            "TotalCharge": 0
          },
          {
            "BoxHandlingCharge": 0,
            "Code": "WC",
            "ContractFreightTypesApplied": 0,
            "Cost": 0,
            "DropShipMethodCode": "",
            "FreightCharge": 0,
            "InsuranceCharge": 0,
            "OrderHandlingCharge": 0,
            "OtherCharge": 0,
            "SaturdayCharge": 0,
            "TotalCharge": 0
          }
        ],
        "Weight": 0.245
      }
    ],
    "ShippingMethods": [
      {
        "BoxHandlingCharge": 0,
        "Code": "VB",
        "ContractFreightTypesApplied": 0,
        "Cost": 65.16,
        "Description": "5-8 business days",
        "EstimatedArrival": "n/a",
        "FreightCharge": 97.74,
        "InsuranceCharge": 110.58,
        "IsCustomerAccount": false,
        "Name": "UPS Ground AK & HI",
        "OrderHandlingCharge": 0,
        "OtherCharge": 1.5,
        "SaturdayCharge": 0,
        "SpecialCode": "",
        "TotalCharge": 209.82,
        "TransitBusinessDays": "NA",
        "TotalWeight": 60,
        "WeightType": "A"
      },
      {
        "BoxHandlingCharge": 0,
        "Code": "E2",
        "ContractFreightTypesApplied": 0,
        "Cost": 77.58,
        "Description": "2-3 business days",
        "EstimatedArrival": "10/05/2017",
        "FreightCharge": 116.37,
        "InsuranceCharge": 110.58,
        "IsCustomerAccount": false,
        "Name": "FedEx Express AK & HI",
        "OrderHandlingCharge": 0,
        "OtherCharge": 1.5,
        "SaturdayCharge": 0,
        "SpecialCode": "",
        "TotalCharge": 228.45,
        "TransitBusinessDays": "NA",
        "TotalWeight": 60,
        "WeightType": "A"
      },
      {
        "BoxHandlingCharge": 0,
        "Code": "V2",
        "ContractFreightTypesApplied": 0,
        "Cost": 96.82,
        "Description": "2-3 business days",
        "EstimatedArrival": "10/05/2017",
        "FreightCharge": 145.23,
        "InsuranceCharge": 110.58,
        "IsCustomerAccount": false,
        "Name": "UPS Express AK & HI",
        "OrderHandlingCharge": 0,
        "OtherCharge": 1.5,
        "SaturdayCharge": 0,
        "SpecialCode": "",
        "TotalCharge": 257.31,
        "TransitBusinessDays": "NA",
        "TotalWeight": 60,
        "WeightType": "A"
      },
      {
        "BoxHandlingCharge": 0,
        "Code": "E8",
        "ContractFreightTypesApplied": 0,
        "Cost": 116.8,
        "Description": "1-2 business days",
        "EstimatedArrival": "10/04/2017",
        "FreightCharge": 175.2,
        "InsuranceCharge": 110.58,
        "IsCustomerAccount": false,
        "Name": "FedEx Priority AK & HI",
        "OrderHandlingCharge": 0,
        "OtherCharge": 1.5,
        "SaturdayCharge": 0,
        "SpecialCode": "",
        "TotalCharge": 287.28,
        "TransitBusinessDays": "NA",
        "TotalWeight": 60,
        "WeightType": "A"
      },
      {
        "BoxHandlingCharge": 0,
        "Code": "V8",
        "ContractFreightTypesApplied": 0,
        "Cost": 149.7,
        "Description": "1-2 business days",
        "EstimatedArrival": "10/04/2017",
        "FreightCharge": 224.55,
        "InsuranceCharge": 110.58,
        "IsCustomerAccount": false,
        "Name": "UPS Priority AK & HI",
        "OrderHandlingCharge": 0,
        "OtherCharge": 1.5,
        "SaturdayCharge": 0,
        "SpecialCode": "",
        "TotalCharge": 336.63,
        "TransitBusinessDays": "NA",
        "TotalWeight": 60,
        "WeightType": "A"
      },
      {
        "BoxHandlingCharge": 0,
        "Code": "WC",
        "ContractFreightTypesApplied": 0,
        "Cost": 0,
        "Description": "Pickup at our Vernon Hills showroom",
        "EstimatedArrival": "n/a",
        "FreightCharge": 0,
        "InsuranceCharge": 0,
        "IsCustomerAccount": false,
        "Name": "Will Call",
        "OrderHandlingCharge": 0,
        "OtherCharge": 0,
        "SaturdayCharge": 0,
        "SpecialCode": "",
        "TotalCharge": 0,
        "TransitBusinessDays": "NA",
        "TotalWeight": 0,
        "WeightType": "A"
      },
      {
        "BoxHandlingCharge": 1.2,
        "Code": "PM",
        "ContractFreightTypesApplied": 0,
        "Cost": 167.4,
        "Description": "5-8 business days",
        "EstimatedArrival": "n/a",
        "FreightCharge": 167.4,
        "InsuranceCharge": 309.62,
        "IsCustomerAccount": false,
        "Name": "USPS Priority Mail",
        "OrderHandlingCharge": 11.5,
        "OtherCharge": 0,
        "SaturdayCharge": 0,
        "SpecialCode": "",
        "TotalCharge": 489.72,
        "TransitBusinessDays": "NA",
        "TotalWeight": 60,
        "WeightType": "A"
      },
      {
        "BoxHandlingCharge": 1.2,
        "Code": "EM",
        "ContractFreightTypesApplied": 0,
        "Cost": 277.8,
        "Description": "2-3 business days",
        "EstimatedArrival": "n/a",
        "FreightCharge": 277.8,
        "InsuranceCharge": 309.62,
        "IsCustomerAccount": false,
        "Name": "USPS Priority Mail Express",
        "OrderHandlingCharge": 11.5,
        "OtherCharge": 0,
        "SaturdayCharge": 0,
        "SpecialCode": "",
        "TotalCharge": 600.12,
        "TransitBusinessDays": "NA",
        "TotalWeight": 60,
        "WeightType": "A"
      },
      {
        "BoxHandlingCharge": 0,
        "Code": "X3",
        "ContractFreightTypesApplied": 0,
        "Cost": 0,
        "Description": "2 business days, your FedEx account",
        "EstimatedArrival": "10/05/2017",
        "FreightCharge": 0,
        "InsuranceCharge": 0,
        "IsCustomerAccount": true,
        "Name": "FedEx 2 Day - Cust Acct",
        "OrderHandlingCharge": 0,
        "OtherCharge": 0,
        "SaturdayCharge": 0,
        "SpecialCode": "",
        "TotalCharge": 0,
        "TransitBusinessDays": "NA",
        "TotalWeight": 60,
        "WeightType": "A"
      },
      {
        "BoxHandlingCharge": 0,
        "Code": "X7",
        "ContractFreightTypesApplied": 0,
        "Cost": 0,
        "Description": "Next business day morning, your FedEx account",
        "EstimatedArrival": "10/04/2017",
        "FreightCharge": 0,
        "InsuranceCharge": 0,
        "IsCustomerAccount": true,
        "Name": "FedEx Overnight 10:30 - Cust Acct",
        "OrderHandlingCharge": 0,
        "OtherCharge": 0,
        "SaturdayCharge": 0,
        "SpecialCode": "",
        "TotalCharge": 0,
        "TransitBusinessDays": "NA",
        "TotalWeight": 60,
        "WeightType": "A"
      },
      {
        "BoxHandlingCharge": 0,
        "Code": "P1",
        "ContractFreightTypesApplied": 0,
        "Cost": 0,
        "Description": "Next business day morning, your UPS account",
        "EstimatedArrival": "10/04/2017",
        "FreightCharge": 0,
        "InsuranceCharge": 0,
        "IsCustomerAccount": true,
        "Name": "UPS Next Day 10:30 - Cust Acct",
        "OrderHandlingCharge": 0,
        "OtherCharge": 0,
        "SaturdayCharge": 0,
        "SpecialCode": "",
        "TotalCharge": 0,
        "TransitBusinessDays": "NA",
        "TotalWeight": 60,
        "WeightType": "A"
      },
      {
        "BoxHandlingCharge": 0,
        "Code": "P2",
        "ContractFreightTypesApplied": 0,
        "Cost": 0,
        "Description": "2 business days, your UPS account",
        "EstimatedArrival": "10/05/2017",
        "FreightCharge": 0,
        "InsuranceCharge": 0,
        "IsCustomerAccount": true,
        "Name": "UPS 2nd Day Air - Cust Acct",
        "OrderHandlingCharge": 0,
        "OtherCharge": 0,
        "SaturdayCharge": 0,
        "SpecialCode": "",
        "TotalCharge": 0,
        "TransitBusinessDays": "NA",
        "TotalWeight": 60,
        "WeightType": "A"
      },
      {
        "BoxHandlingCharge": 0,
        "Code": "VG",
        "ContractFreightTypesApplied": 0,
        "Cost": 0,
        "Description": "2-5 business days, your UPS account",
        "EstimatedArrival": "n/a",
        "FreightCharge": 0,
        "InsuranceCharge": 0,
        "IsCustomerAccount": true,
        "Name": "UPS Ground AK & HI - Cust Acct",
        "OrderHandlingCharge": 0,
        "OtherCharge": 0,
        "SaturdayCharge": 0,
        "SpecialCode": "",
        "TotalCharge": 0,
        "TransitBusinessDays": "NA",
        "TotalWeight": 60,
        "WeightType": "A"
      },
      {
        "BoxHandlingCharge": 0,
        "Code": "U1",
        "ContractFreightTypesApplied": 0,
        "Cost": 0,
        "Description": "Next business day morning, your UPS account",
        "EstimatedArrival": "10/04/2017",
        "FreightCharge": 0,
        "InsuranceCharge": 0,
        "IsCustomerAccount": true,
        "Name": "UPS Next Day 10:30 - Consignee",
        "OrderHandlingCharge": 0,
        "OtherCharge": 0,
        "SaturdayCharge": 0,
        "SpecialCode": "",
        "TotalCharge": 0,
        "TransitBusinessDays": "NA",
        "TotalWeight": 60,
        "WeightType": "A"
      },
      {
        "BoxHandlingCharge": 0,
        "Code": "U2",
        "ContractFreightTypesApplied": 0,
        "Cost": 0,
        "Description": "2 business days, your UPS account",
        "EstimatedArrival": "10/05/2017",
        "FreightCharge": 0,
        "InsuranceCharge": 0,
        "IsCustomerAccount": true,
        "Name": "UPS 2nd Day Air - Consignee Billing",
        "OrderHandlingCharge": 0,
        "OtherCharge": 0,
        "SaturdayCharge": 0,
        "SpecialCode": "",
        "TotalCharge": 0,
        "TransitBusinessDays": "NA",
        "TotalWeight": 60,
        "WeightType": "A"
      },
      {
        "BoxHandlingCharge": 0,
        "Code": "WG",
        "ContractFreightTypesApplied": 0,
        "Cost": 0,
        "Description": "2-5 business days, your UPS account",
        "EstimatedArrival": "n/a",
        "FreightCharge": 0,
        "InsuranceCharge": 0,
        "IsCustomerAccount": true,
        "Name": "UPS Ground AK & HI - Consignee Billing",
        "OrderHandlingCharge": 0,
        "OtherCharge": 0,
        "SaturdayCharge": 0,
        "SpecialCode": "",
        "TotalCharge": 0,
        "TransitBusinessDays": "NA",
        "TotalWeight": 60,
        "WeightType": "A"
      }
    ]
  },
  "PackageCount": 2,
  "TransactionIdentifier": "8E51A246-B384-4C37-82AA-CA18951C65C4"
}