﻿{
  "ErrorMessage": "",
  "Freight": {
    "Details": [],
    "ShippingMethods": [
      {
        "BoxHandlingCharge": 0,
        "Code": "VB",
        "ContractFreightTypesApplied": 0,
        "Cost": 65.16,
        "Description": "5-8 business days",
        "EstimatedArrival": "n/a",
        "FreightCharge": 97.74,
        "InsuranceCharge": 110.58,
        "IsCustomerAccount": false,
        "Name": "UPS Ground AK & HI",
        "OrderHandlingCharge": 0,
        "OtherCharge": 1.5,
        "SaturdayCharge": 0,
        "SpecialCode": "",
        "TotalCharge": 209.82,
        "TransitBusinessDays": "NA",
        "TotalWeight": 60,
        "WeightType": "A"
      },
      {
        "BoxHandlingCharge": 0,
        "Code": "E2",
        "ContractFreightTypesApplied": 0,
        "Cost": 77.58,
        "Description": "2-3 business days",
        "EstimatedArrival": "10/04/2017",
        "FreightCharge": 116.37,
        "InsuranceCharge": 110.58,
        "IsCustomerAccount": false,
        "Name": "FedEx Express AK & HI",
        "OrderHandlingCharge": 0,
        "OtherCharge": 1.5,
        "SaturdayCharge": 0,
        "SpecialCode": "",
        "TotalCharge": 228.45,
        "TransitBusinessDays": "NA",
        "TotalWeight": 60,
        "WeightType": "A"
      },
      {
        "BoxHandlingCharge": 0,
        "Code": "V2",
        "ContractFreightTypesApplied": 0,
        "Cost": 96.82,
        "Description": "2-3 business days",
        "EstimatedArrival": "10/04/2017",
        "FreightCharge": 145.23,
        "InsuranceCharge": 110.58,
        "IsCustomerAccount": false,
        "Name": "UPS Express AK & HI",
        "OrderHandlingCharge": 0,
        "OtherCharge": 1.5,
        "SaturdayCharge": 0,
        "SpecialCode": "",
        "TotalCharge": 257.31,
        "TransitBusinessDays": "NA",
        "TotalWeight": 60,
        "WeightType": "A"
      },
      {
        "BoxHandlingCharge": 0,
        "Code": "E8",
        "ContractFreightTypesApplied": 0,
        "Cost": 116.8,
        "Description": "1-2 business days",
        "EstimatedArrival": "10/03/2017",
        "FreightCharge": 175.2,
        "InsuranceCharge": 110.58,
        "IsCustomerAccount": false,
        "Name": "FedEx Priority AK & HI",
        "OrderHandlingCharge": 0,
        "OtherCharge": 1.5,
        "SaturdayCharge": 0,
        "SpecialCode": "",
        "TotalCharge": 287.28,
        "TransitBusinessDays": "NA",
        "TotalWeight": 60,
        "WeightType": "A"
      },
      {
        "BoxHandlingCharge": 0,
        "Code": "V8",
        "ContractFreightTypesApplied": 0,
        "Cost": 149.7,
        "Description": "1-2 business days",
        "EstimatedArrival": "10/03/2017",
        "FreightCharge": 224.55,
        "InsuranceCharge": 110.58,
        "IsCustomerAccount": false,
        "Name": "UPS Priority AK & HI",
        "OrderHandlingCharge": 0,
        "OtherCharge": 1.5,
        "SaturdayCharge": 0,
        "SpecialCode": "",
        "TotalCharge": 336.63,
        "TransitBusinessDays": "NA",
        "TotalWeight": 60,
        "WeightType": "A"
      },
      {
        "BoxHandlingCharge": 0,
        "Code": "WC",
        "ContractFreightTypesApplied": 0,
        "Cost": 0,
        "Description": "Pickup at our Vernon Hills showroom",
        "EstimatedArrival": "n/a",
        "FreightCharge": 0,
        "InsuranceCharge": 0,
        "IsCustomerAccount": false,
        "Name": "Will Call",
        "OrderHandlingCharge": 0,
        "OtherCharge": 0,
        "SaturdayCharge": 0,
        "SpecialCode": "",
        "TotalCharge": 0,
        "TransitBusinessDays": "NA",
        "TotalWeight": 0,
        "WeightType": "A"
      },
      {
        "BoxHandlingCharge": 1.2,
        "Code": "PM",
        "ContractFreightTypesApplied": 0,
        "Cost": 167.4,
        "Description": "5-8 business days",
        "EstimatedArrival": "n/a",
        "FreightCharge": 167.4,
        "InsuranceCharge": 309.62,
        "IsCustomerAccount": false,
        "Name": "USPS Priority Mail",
        "OrderHandlingCharge": 11.5,
        "OtherCharge": 0,
        "SaturdayCharge": 0,
        "SpecialCode": "",
        "TotalCharge": 489.72,
        "TransitBusinessDays": "NA",
        "TotalWeight": 60,
        "WeightType": "A"
      },
      {
        "BoxHandlingCharge": 1.2,
        "Code": "EM",
        "ContractFreightTypesApplied": 0,
        "Cost": 277.8,
        "Description": "2-3 business days",
        "EstimatedArrival": "n/a",
        "FreightCharge": 277.8,
        "InsuranceCharge": 309.62,
        "IsCustomerAccount": false,
        "Name": "USPS Priority Mail Express",
        "OrderHandlingCharge": 11.5,
        "OtherCharge": 0,
        "SaturdayCharge": 0,
        "SpecialCode": "",
        "TotalCharge": 600.12,
        "TransitBusinessDays": "NA",
        "TotalWeight": 60,
        "WeightType": "A"
      },
      {
        "BoxHandlingCharge": 0,
        "Code": "X3",
        "ContractFreightTypesApplied": 0,
        "Cost": 0,
        "Description": "2 business days, your FedEx account",
        "EstimatedArrival": "10/04/2017",
        "FreightCharge": 0,
        "InsuranceCharge": 0,
        "IsCustomerAccount": true,
        "Name": "FedEx 2 Day - Cust Acct",
        "OrderHandlingCharge": 0,
        "OtherCharge": 0,
        "SaturdayCharge": 0,
        "SpecialCode": "",
        "TotalCharge": 0,
        "TransitBusinessDays": "NA",
        "TotalWeight": 60,
        "WeightType": "A"
      },
      {
        "BoxHandlingCharge": 0,
        "Code": "X7",
        "ContractFreightTypesApplied": 0,
        "Cost": 0,
        "Description": "Next business day morning, your FedEx account",
        "EstimatedArrival": "10/03/2017",
        "FreightCharge": 0,
        "InsuranceCharge": 0,
        "IsCustomerAccount": true,
        "Name": "FedEx Overnight 10:30 - Cust Acct",
        "OrderHandlingCharge": 0,
        "OtherCharge": 0,
        "SaturdayCharge": 0,
        "SpecialCode": "",
        "TotalCharge": 0,
        "TransitBusinessDays": "NA",
        "TotalWeight": 60,
        "WeightType": "A"
      },
      {
        "BoxHandlingCharge": 0,
        "Code": "P1",
        "ContractFreightTypesApplied": 0,
        "Cost": 0,
        "Description": "Next business day morning, your UPS account",
        "EstimatedArrival": "10/03/2017",
        "FreightCharge": 0,
        "InsuranceCharge": 0,
        "IsCustomerAccount": true,
        "Name": "UPS Next Day 10:30 - Cust Acct",
        "OrderHandlingCharge": 0,
        "OtherCharge": 0,
        "SaturdayCharge": 0,
        "SpecialCode": "",
        "TotalCharge": 0,
        "TransitBusinessDays": "NA",
        "TotalWeight": 60,
        "WeightType": "A"
      },
      {
        "BoxHandlingCharge": 0,
        "Code": "P2",
        "ContractFreightTypesApplied": 0,
        "Cost": 0,
        "Description": "2 business days, your UPS account",
        "EstimatedArrival": "10/04/2017",
        "FreightCharge": 0,
        "InsuranceCharge": 0,
        "IsCustomerAccount": true,
        "Name": "UPS 2nd Day Air - Cust Acct",
        "OrderHandlingCharge": 0,
        "OtherCharge": 0,
        "SaturdayCharge": 0,
        "SpecialCode": "",
        "TotalCharge": 0,
        "TransitBusinessDays": "NA",
        "TotalWeight": 60,
        "WeightType": "A"
      },
      {
        "BoxHandlingCharge": 0,
        "Code": "VG",
        "ContractFreightTypesApplied": 0,
        "Cost": 0,
        "Description": "2-5 business days, your UPS account",
        "EstimatedArrival": "n/a",
        "FreightCharge": 0,
        "InsuranceCharge": 0,
        "IsCustomerAccount": true,
        "Name": "UPS Ground AK & HI - Cust Acct",
        "OrderHandlingCharge": 0,
        "OtherCharge": 0,
        "SaturdayCharge": 0,
        "SpecialCode": "",
        "TotalCharge": 0,
        "TransitBusinessDays": "NA",
        "TotalWeight": 60,
        "WeightType": "A"
      },
      {
        "BoxHandlingCharge": 0,
        "Code": "U1",
        "ContractFreightTypesApplied": 0,
        "Cost": 0,
        "Description": "Next business day morning, your UPS account",
        "EstimatedArrival": "10/03/2017",
        "FreightCharge": 0,
        "InsuranceCharge": 0,
        "IsCustomerAccount": true,
        "Name": "UPS Next Day 10:30 - Consignee",
        "OrderHandlingCharge": 0,
        "OtherCharge": 0,
        "SaturdayCharge": 0,
        "SpecialCode": "",
        "TotalCharge": 0,
        "TransitBusinessDays": "NA",
        "TotalWeight": 60,
        "WeightType": "A"
      },
      {
        "BoxHandlingCharge": 0,
        "Code": "U2",
        "ContractFreightTypesApplied": 0,
        "Cost": 0,
        "Description": "2 business days, your UPS account",
        "EstimatedArrival": "10/04/2017",
        "FreightCharge": 0,
        "InsuranceCharge": 0,
        "IsCustomerAccount": true,
        "Name": "UPS 2nd Day Air - Consignee Billing",
        "OrderHandlingCharge": 0,
        "OtherCharge": 0,
        "SaturdayCharge": 0,
        "SpecialCode": "",
        "TotalCharge": 0,
        "TransitBusinessDays": "NA",
        "TotalWeight": 60,
        "WeightType": "A"
      },
      {
        "BoxHandlingCharge": 0,
        "Code": "WG",
        "ContractFreightTypesApplied": 0,
        "Cost": 0,
        "Description": "2-5 business days, your UPS account",
        "EstimatedArrival": "n/a",
        "FreightCharge": 0,
        "InsuranceCharge": 0,
        "IsCustomerAccount": true,
        "Name": "UPS Ground AK & HI - Consignee Billing",
        "OrderHandlingCharge": 0,
        "OtherCharge": 0,
        "SaturdayCharge": 0,
        "SpecialCode": "",
        "TotalCharge": 0,
        "TransitBusinessDays": "NA",
        "TotalWeight": 60,
        "WeightType": "A"
      }
    ]
  },
  "PackageCount": 2,
  "TransactionIdentifier": "B4F48DC8-01CB-485C-8152-2C79C6C5C308"
}