﻿{
  "ErrorMessage": "",
  "Freight": {
    "Details": [
      {
        "OrderLineNumber": 1,
        "ProductCode": "NEW-ITEM",
        "ShippingMethods": [
          {
            "BoxHandlingCharge": 0,
            "Code": "E2",
            "ContractFreightTypesApplied": 0,
            "Cost": 14.34,
            "DropShipMethodCode": "",
            "FreightCharge": 21.99,
            "InsuranceCharge": 0,
            "OrderHandlingCharge": 0,
            "OtherCharge": 0,
            "SaturdayCharge": 0,
            "TotalCharge": 21.99
          },
          {
            "BoxHandlingCharge": 0,
            "Code": "E8",
            "ContractFreightTypesApplied": 0,
            "Cost": 22.91,
            "DropShipMethodCode": "",
            "FreightCharge": 34.37,
            "InsuranceCharge": 0,
            "OrderHandlingCharge": 0,
            "OtherCharge": 0.75,
            "SaturdayCharge": 0,
            "TotalCharge": 35.12
          },
          {
            "BoxHandlingCharge": 0.6,
            "Code": "EM",
            "ContractFreightTypesApplied": 0,
            "Cost": 48.8,
            "DropShipMethodCode": "",
            "FreightCharge": 48.8,
            "InsuranceCharge": 0,
            "OrderHandlingCharge": 11.5,
            "OtherCharge": 0,
            "SaturdayCharge": 0,
            "TotalCharge": 60.9
          },
          {
            "BoxHandlingCharge": 0,
            "Code": "P1",
            "ContractFreightTypesApplied": 0,
            "Cost": 29.49,
            "DropShipMethodCode": "",
            "FreightCharge": 0,
            "InsuranceCharge": 0,
            "OrderHandlingCharge": 0,
            "OtherCharge": 0,
            "SaturdayCharge": 0,
            "TotalCharge": 0
          },
          {
            "BoxHandlingCharge": 0,
            "Code": "P2",
            "ContractFreightTypesApplied": 0,
            "Cost": 13.08,
            "DropShipMethodCode": "",
            "FreightCharge": 0,
            "InsuranceCharge": 0,
            "OrderHandlingCharge": 0,
            "OtherCharge": 0,
            "SaturdayCharge": 0,
            "TotalCharge": 0
          },
          {
            "BoxHandlingCharge": 0.6,
            "Code": "PM",
            "ContractFreightTypesApplied": 0,
            "Cost": 17.15,
            "DropShipMethodCode": "",
            "FreightCharge": 17.15,
            "InsuranceCharge": 0,
            "OrderHandlingCharge": 11.5,
            "OtherCharge": 0,
            "SaturdayCharge": 0,
            "TotalCharge": 29.25
          },
          {
            "BoxHandlingCharge": 0,
            "Code": "U1",
            "ContractFreightTypesApplied": 0,
            "Cost": 29.49,
            "DropShipMethodCode": "",
            "FreightCharge": 0,
            "InsuranceCharge": 0,
            "OrderHandlingCharge": 0,
            "OtherCharge": 0,
            "SaturdayCharge": 0,
            "TotalCharge": 0
          },
          {
            "BoxHandlingCharge": 0,
            "Code": "U2",
            "ContractFreightTypesApplied": 0,
            "Cost": 13.08,
            "DropShipMethodCode": "",
            "FreightCharge": 0,
            "InsuranceCharge": 0,
            "OrderHandlingCharge": 0,
            "OtherCharge": 0,
            "SaturdayCharge": 0,
            "TotalCharge": 0
          },
          {
            "BoxHandlingCharge": 0,
            "Code": "V2",
            "ContractFreightTypesApplied": 0,
            "Cost": 13.08,
            "DropShipMethodCode": "",
            "FreightCharge": 19.62,
            "InsuranceCharge": 0,
            "OrderHandlingCharge": 0,
            "OtherCharge": 0.75,
            "SaturdayCharge": 0,
            "TotalCharge": 20.37
          },
          {
            "BoxHandlingCharge": 0,
            "Code": "V8",
            "ContractFreightTypesApplied": 0,
            "Cost": 29.49,
            "DropShipMethodCode": "",
            "FreightCharge": 26.99,
            "InsuranceCharge": 0,
            "OrderHandlingCharge": 0,
            "OtherCharge": 0,
            "SaturdayCharge": 0,
            "TotalCharge": 26.99
          },
          {
            "BoxHandlingCharge": 0,
            "Code": "VB",
            "ContractFreightTypesApplied": 0,
            "Cost": 12.23,
            "DropShipMethodCode": "",
            "FreightCharge": 21.24,
            "InsuranceCharge": 0,
            "OrderHandlingCharge": 0,
            "OtherCharge": 0.75,
            "SaturdayCharge": 0,
            "TotalCharge": 21.99
          },
          {
            "BoxHandlingCharge": 0,
            "Code": "VG",
            "ContractFreightTypesApplied": 0,
            "Cost": 12.23,
            "DropShipMethodCode": "",
            "FreightCharge": 0,
            "InsuranceCharge": 0,
            "OrderHandlingCharge": 0,
            "OtherCharge": 0,
            "SaturdayCharge": 0,
            "TotalCharge": 0
          },
          {
            "BoxHandlingCharge": 0,
            "Code": "WG",
            "ContractFreightTypesApplied": 0,
            "Cost": 12.23,
            "DropShipMethodCode": "",
            "FreightCharge": 0,
            "InsuranceCharge": 0,
            "OrderHandlingCharge": 0,
            "OtherCharge": 0,
            "SaturdayCharge": 0,
            "TotalCharge": 0
          },
          {
            "BoxHandlingCharge": 0,
            "Code": "X3",
            "ContractFreightTypesApplied": 0,
            "Cost": 14.34,
            "DropShipMethodCode": "",
            "FreightCharge": 0,
            "InsuranceCharge": 0,
            "OrderHandlingCharge": 0,
            "OtherCharge": 0,
            "SaturdayCharge": 0,
            "TotalCharge": 0
          },
          {
            "BoxHandlingCharge": 0,
            "Code": "X7",
            "ContractFreightTypesApplied": 0,
            "Cost": 22.91,
            "DropShipMethodCode": "",
            "FreightCharge": 0,
            "InsuranceCharge": 0,
            "OrderHandlingCharge": 0,
            "OtherCharge": 0,
            "SaturdayCharge": 0,
            "TotalCharge": 0
          },
          {
            "BoxHandlingCharge": 0,
            "Code": "WC",
            "ContractFreightTypesApplied": 0,
            "Cost": 0,
            "DropShipMethodCode": "",
            "FreightCharge": 0,
            "InsuranceCharge": 0,
            "OrderHandlingCharge": 0,
            "OtherCharge": 0,
            "SaturdayCharge": 0,
            "TotalCharge": 0
          }
        ],
        "Weight": 0.03
      }
    ],
    "ShippingMethods": [
      {
        "BoxHandlingCharge": 0,
        "Code": "V2",
        "ContractFreightTypesApplied": 0,
        "Cost": 13.08,
        "Description": "2-3 business days",
        "EstimatedArrival": "10/10/2017",
        "FreightCharge": 19.62,
        "InsuranceCharge": 0,
        "IsCustomerAccount": false,
        "Name": "UPS Express AK & HI",
        "OrderHandlingCharge": 0,
        "OtherCharge": 0.75,
        "SaturdayCharge": 0,
        "SpecialCode": "",
        "TotalCharge": 20.37,
        "TransitBusinessDays": "NA",
        "TotalWeight": 4,
        "WeightType": "A"
      },
      {
        "BoxHandlingCharge": 0,
        "Code": "E2",
        "ContractFreightTypesApplied": 0,
        "Cost": 14.34,
        "Description": "2-3 business days",
        "EstimatedArrival": "10/10/2017",
        "FreightCharge": 21.99,
        "InsuranceCharge": 0,
        "IsCustomerAccount": false,
        "Name": "FedEx Express AK & HI",
        "OrderHandlingCharge": 0,
        "OtherCharge": 0,
        "SaturdayCharge": 0,
        "SpecialCode": "EAH",
        "TotalCharge": 21.99,
        "TransitBusinessDays": "NA",
        "TotalWeight": 4,
        "WeightType": "A"
      },
      {
        "BoxHandlingCharge": 0,
        "Code": "VB",
        "ContractFreightTypesApplied": 0,
        "Cost": 12.23,
        "Description": "5-8 business days",
        "EstimatedArrival": "n/a",
        "FreightCharge": 21.24,
        "InsuranceCharge": 0,
        "IsCustomerAccount": false,
        "Name": "UPS Ground AK & HI",
        "OrderHandlingCharge": 0,
        "OtherCharge": 0.75,
        "SaturdayCharge": 0,
        "SpecialCode": "",
        "TotalCharge": 21.99,
        "TransitBusinessDays": "NA",
        "TotalWeight": 3,
        "WeightType": "A"
      },
      {
        "BoxHandlingCharge": 0,
        "Code": "V8",
        "ContractFreightTypesApplied": 0,
        "Cost": 29.49,
        "Description": "1-2 business days",
        "EstimatedArrival": "10/09/2017",
        "FreightCharge": 26.99,
        "InsuranceCharge": 0,
        "IsCustomerAccount": false,
        "Name": "UPS Priority AK & HI",
        "OrderHandlingCharge": 0,
        "OtherCharge": 0,
        "SaturdayCharge": 0,
        "SpecialCode": "EAH",
        "TotalCharge": 26.99,
        "TransitBusinessDays": "NA",
        "TotalWeight": 4,
        "WeightType": "A"
      },
      {
        "BoxHandlingCharge": 0,
        "Code": "E8",
        "ContractFreightTypesApplied": 0,
        "Cost": 22.91,
        "Description": "1-2 business days",
        "EstimatedArrival": "10/09/2017",
        "FreightCharge": 34.37,
        "InsuranceCharge": 0,
        "IsCustomerAccount": false,
        "Name": "FedEx Priority AK & HI",
        "OrderHandlingCharge": 0,
        "OtherCharge": 0.75,
        "SaturdayCharge": 0,
        "SpecialCode": "",
        "TotalCharge": 35.12,
        "TransitBusinessDays": "NA",
        "TotalWeight": 4,
        "WeightType": "A"
      },
      {
        "BoxHandlingCharge": 0.6,
        "Code": "PM",
        "ContractFreightTypesApplied": 0,
        "Cost": 17.15,
        "Description": "5-8 business days",
        "EstimatedArrival": "n/a",
        "FreightCharge": 17.15,
        "InsuranceCharge": 0,
        "IsCustomerAccount": false,
        "Name": "USPS Priority Mail",
        "OrderHandlingCharge": 11.5,
        "OtherCharge": 0,
        "SaturdayCharge": 0,
        "SpecialCode": "",
        "TotalCharge": 29.25,
        "TransitBusinessDays": "NA",
        "TotalWeight": 4,
        "WeightType": "A"
      },
      {
        "BoxHandlingCharge": 0.6,
        "Code": "EM",
        "ContractFreightTypesApplied": 0,
        "Cost": 48.8,
        "Description": "2-3 business days",
        "EstimatedArrival": "n/a",
        "FreightCharge": 48.8,
        "InsuranceCharge": 0,
        "IsCustomerAccount": false,
        "Name": "USPS Priority Mail Express",
        "OrderHandlingCharge": 11.5,
        "OtherCharge": 0,
        "SaturdayCharge": 0,
        "SpecialCode": "",
        "TotalCharge": 60.9,
        "TransitBusinessDays": "NA",
        "TotalWeight": 4,
        "WeightType": "A"
      }
    ]
  },
  "PackageCount": 1,
  "TransactionIdentifier": "14ADBA8A-C45A-45EF-B986-28AF6F7643C7"
}