﻿{
  "ErrorMessage": "",
  "Freight": {
    "Details": [],
    "ShippingMethods": [
      {
        "BoxHandlingCharge": 0,
        "Code": "CG",
        "ContractFreightTypesApplied": 0,
        "Cost": 4.08,
        "Description": "2-5 business days",
        "EstimatedArrival": "n/a",
        "FreightCharge": 9.18,
        "InsuranceCharge": 4.5,
        "IsCustomerAccount": false,
        "Name": "UPS Ground",
        "OrderHandlingCharge": 0,
        "OtherCharge": 0.75,
        "SaturdayCharge": 0,
        "SpecialCode": "",
        "TotalCharge": 14.43,
        "TransitBusinessDays": "NA",
        "TotalWeight": 3,
        "WeightType": "A"
      },
      {
        "BoxHandlingCharge": 0,
        "Code": "3L",
        "ContractFreightTypesApplied": 0,
        "Cost": 5.66,
        "Description": "3 business days",
        "EstimatedArrival": "n/a",
        "FreightCharge": 12.68,
        "InsuranceCharge": 4.5,
        "IsCustomerAccount": false,
        "Name": "UPS 3 Day Select",
        "OrderHandlingCharge": 0,
        "OtherCharge": 0.75,
        "SaturdayCharge": 0,
        "SpecialCode": "",
        "TotalCharge": 17.93,
        "TransitBusinessDays": "NA",
        "TotalWeight": 3,
        "WeightType": "A"
      },
      {
        "BoxHandlingCharge": 0,
        "Code": "C2",
        "ContractFreightTypesApplied": 0,
        "Cost": 6.33,
        "Description": "2 business days",
        "EstimatedArrival": "n/a",
        "FreightCharge": 18.36,
        "InsuranceCharge": 4.5,
        "IsCustomerAccount": false,
        "Name": "UPS 2nd Day Air",
        "OrderHandlingCharge": 0,
        "OtherCharge": 0.75,
        "SaturdayCharge": 0,
        "SpecialCode": "",
        "TotalCharge": 23.61,
        "TransitBusinessDays": "NA",
        "TotalWeight": 3,
        "WeightType": "A"
      },
      {
        "BoxHandlingCharge": 0,
        "Code": "C1",
        "ContractFreightTypesApplied": 0,
        "Cost": 7.61,
        "Description": "Next business day by 10:30am",
        "EstimatedArrival": "n/a",
        "FreightCharge": 24.12,
        "InsuranceCharge": 4.5,
        "IsCustomerAccount": false,
        "Name": "UPS Next Day 10:30, most areas",
        "OrderHandlingCharge": 0,
        "OtherCharge": 0.75,
        "SaturdayCharge": 0,
        "SpecialCode": "",
        "TotalCharge": 29.37,
        "TransitBusinessDays": "NA",
        "TotalWeight": 3,
        "WeightType": "A"
      },
      {
        "BoxHandlingCharge": 0,
        "Code": "WC",
        "ContractFreightTypesApplied": 0,
        "Cost": 0,
        "Description": "Pickup at our Vernon Hills showroom",
        "EstimatedArrival": "n/a",
        "FreightCharge": 0,
        "InsuranceCharge": 0,
        "IsCustomerAccount": false,
        "Name": "Will Call",
        "OrderHandlingCharge": 0,
        "OtherCharge": 0,
        "SaturdayCharge": 0,
        "SpecialCode": "",
        "TotalCharge": 0,
        "TransitBusinessDays": "NA",
        "TotalWeight": 0,
        "WeightType": "A"
      },
      {
        "BoxHandlingCharge": 0.6,
        "Code": "PM",
        "ContractFreightTypesApplied": 0,
        "Cost": 8.7,
        "Description": "5-8 business days",
        "EstimatedArrival": "n/a",
        "FreightCharge": 8.7,
        "InsuranceCharge": 12.6,
        "IsCustomerAccount": false,
        "Name": "USPS Priority Mail",
        "OrderHandlingCharge": 11.5,
        "OtherCharge": 0,
        "SaturdayCharge": 0,
        "SpecialCode": "",
        "TotalCharge": 33.4,
        "TransitBusinessDays": "NA",
        "TotalWeight": 4,
        "WeightType": "A"
      },
      {
        "BoxHandlingCharge": 0.6,
        "Code": "EM",
        "ContractFreightTypesApplied": 0,
        "Cost": 27.8,
        "Description": "2-3 business days",
        "EstimatedArrival": "n/a",
        "FreightCharge": 27.8,
        "InsuranceCharge": 12.6,
        "IsCustomerAccount": false,
        "Name": "USPS Priority Mail Express",
        "OrderHandlingCharge": 11.5,
        "OtherCharge": 0,
        "SaturdayCharge": 0,
        "SpecialCode": "",
        "TotalCharge": 52.5,
        "TransitBusinessDays": "NA",
        "TotalWeight": 4,
        "WeightType": "A"
      },
      {
        "BoxHandlingCharge": 0,
        "Code": "P1",
        "ContractFreightTypesApplied": 0,
        "Cost": 0,
        "Description": "Next business day morning, your UPS account",
        "EstimatedArrival": "n/a",
        "FreightCharge": 0,
        "InsuranceCharge": 0,
        "IsCustomerAccount": true,
        "Name": "UPS Next Day 10:30 - Cust Acct",
        "OrderHandlingCharge": 0,
        "OtherCharge": 0,
        "SaturdayCharge": 0,
        "SpecialCode": "",
        "TotalCharge": 0,
        "TransitBusinessDays": "NA",
        "TotalWeight": 4,
        "WeightType": "A"
      },
      {
        "BoxHandlingCharge": 0,
        "Code": "P2",
        "ContractFreightTypesApplied": 0,
        "Cost": 0,
        "Description": "2 business days, your UPS account",
        "EstimatedArrival": "n/a",
        "FreightCharge": 0,
        "InsuranceCharge": 0,
        "IsCustomerAccount": true,
        "Name": "UPS 2nd Day Air - Cust Acct",
        "OrderHandlingCharge": 0,
        "OtherCharge": 0,
        "SaturdayCharge": 0,
        "SpecialCode": "",
        "TotalCharge": 0,
        "TransitBusinessDays": "NA",
        "TotalWeight": 4,
        "WeightType": "A"
      },
      {
        "BoxHandlingCharge": 0,
        "Code": "PG",
        "ContractFreightTypesApplied": 0,
        "Cost": 0,
        "Description": "2-5 business days, your UPS account",
        "EstimatedArrival": "n/a",
        "FreightCharge": 0,
        "InsuranceCharge": 0,
        "IsCustomerAccount": true,
        "Name": "UPS Ground - Cust Acct",
        "OrderHandlingCharge": 0,
        "OtherCharge": 0,
        "SaturdayCharge": 0,
        "SpecialCode": "",
        "TotalCharge": 0,
        "TransitBusinessDays": "NA",
        "TotalWeight": 3,
        "WeightType": "A"
      },
      {
        "BoxHandlingCharge": 0,
        "Code": "PL",
        "ContractFreightTypesApplied": 0,
        "Cost": 0,
        "Description": "3 business days, your UPS account",
        "EstimatedArrival": "n/a",
        "FreightCharge": 0,
        "InsuranceCharge": 0,
        "IsCustomerAccount": true,
        "Name": "UPS 3 Day Select - Cust Acct",
        "OrderHandlingCharge": 0,
        "OtherCharge": 0,
        "SaturdayCharge": 0,
        "SpecialCode": "",
        "TotalCharge": 0,
        "TransitBusinessDays": "NA",
        "TotalWeight": 4,
        "WeightType": "A"
      },
      {
        "BoxHandlingCharge": 0,
        "Code": "U1",
        "ContractFreightTypesApplied": 0,
        "Cost": 0,
        "Description": "Next business day morning, your UPS account",
        "EstimatedArrival": "n/a",
        "FreightCharge": 0,
        "InsuranceCharge": 0,
        "IsCustomerAccount": true,
        "Name": "UPS Next Day 10:30 - Consignee",
        "OrderHandlingCharge": 0,
        "OtherCharge": 0,
        "SaturdayCharge": 0,
        "SpecialCode": "",
        "TotalCharge": 0,
        "TransitBusinessDays": "NA",
        "TotalWeight": 4,
        "WeightType": "A"
      },
      {
        "BoxHandlingCharge": 0,
        "Code": "U2",
        "ContractFreightTypesApplied": 0,
        "Cost": 0,
        "Description": "2 business days, your UPS account",
        "EstimatedArrival": "n/a",
        "FreightCharge": 0,
        "InsuranceCharge": 0,
        "IsCustomerAccount": true,
        "Name": "UPS 2nd Day Air - Consignee Billing",
        "OrderHandlingCharge": 0,
        "OtherCharge": 0,
        "SaturdayCharge": 0,
        "SpecialCode": "",
        "TotalCharge": 0,
        "TransitBusinessDays": "NA",
        "TotalWeight": 4,
        "WeightType": "A"
      },
      {
        "BoxHandlingCharge": 0,
        "Code": "U3",
        "ContractFreightTypesApplied": 0,
        "Cost": 0,
        "Description": "3 business days, your UPS account",
        "EstimatedArrival": "n/a",
        "FreightCharge": 0,
        "InsuranceCharge": 0,
        "IsCustomerAccount": true,
        "Name": "UPS 3 Day Select -Consignee Billing",
        "OrderHandlingCharge": 0,
        "OtherCharge": 0,
        "SaturdayCharge": 0,
        "SpecialCode": "",
        "TotalCharge": 0,
        "TransitBusinessDays": "NA",
        "TotalWeight": 4,
        "WeightType": "A"
      },
      {
        "BoxHandlingCharge": 0,
        "Code": "UG",
        "ContractFreightTypesApplied": 0,
        "Cost": 0,
        "Description": "2-5 business days, your UPS account",
        "EstimatedArrival": "n/a",
        "FreightCharge": 0,
        "InsuranceCharge": 0,
        "IsCustomerAccount": true,
        "Name": "UPS Ground - Consignee Billing",
        "OrderHandlingCharge": 0,
        "OtherCharge": 0,
        "SaturdayCharge": 0,
        "SpecialCode": "",
        "TotalCharge": 0,
        "TransitBusinessDays": "NA",
        "TotalWeight": 3,
        "WeightType": "A"
      }
    ]
  },
  "PackageCount": 1,
  "TransactionIdentifier": "E687F9DF-93E2-48AB-B197-BA4CFA45A2A1"
}