﻿{
  "CompanyCode": "01",
  "OrderReferenceNumber": null,
  "ItemsToShip": [
    {
      "ContractReferenceNumber": null,
      "OrderLineNumber": 1,
      "ProductCode": "3915332",
      "UnitPrice": 1041.99,
      "Quantity": 3
    },
    {
      "ContractReferenceNumber": null,
      "OrderLineNumber": 1,
      "ProductCode": "3915348",
      "UnitPrice": 559.99,
      "Quantity": 1
    }
  ],
  "ShipTo": {
    "CompanyName": "Van DeLay Industries",
    "FirstName": null,
    "LastName": null,
    "Line1": "249 Lunalilo Home Rd",
    "Line2": null,
    "City": "Honolulu",
    "State": "HI",
    "PostalCode": "96825",
    "Country": "US"
  },
  "Requester": {
    "ApplicationName": "WEB",
    "HostName": "it-matters-not",
    "JobName": "Checkout",
    "Platform": "CS"
  },
  "SalesChannel": {
    "Code": "",
    "ShipMethodFilter": 1
  },
  "Options": {
    "IncludeFreightDetails": true
  }
}