﻿{
  "ErrorMessage": "",
  "Freight": {
    "Details": [],
    "ShippingMethods": [
      {
        "BoxHandlingCharge": 0,
        "Code": "RP",
        "ContractFreightTypesApplied": 0,
        "Cost": 6.12,
        "Description": "2-5 business days",
        "EstimatedArrival": "n/a",
        "FreightCharge": 25.45,
        "InsuranceCharge": 1.08,
        "IsCustomerAccount": false,
        "Name": "FedEx Ground",
        "OrderHandlingCharge": 0,
        "OtherCharge": 0.75,
        "SaturdayCharge": 0,
        "SpecialCode": "",
        "TotalCharge": 15.6,
        "TransitBusinessDays": "NA",
        "TotalWeight": 8,
        "WeightType": "A"
      },
      {
        "BoxHandlingCharge": 0,
        "Code": "3L",
        "ContractFreightTypesApplied": 0,
        "Cost": 12.73,
        "Description": "3 business days",
        "EstimatedArrival": "10/05/2017",
        "FreightCharge": 28.52,
        "InsuranceCharge": 1.08,
        "IsCustomerAccount": false,
        "Name": "UPS 3 Day Select",
        "OrderHandlingCharge": 0,
        "OtherCharge": 0.75,
        "SaturdayCharge": 0,
        "SpecialCode": "",
        "TotalCharge": 30.35,
        "TransitBusinessDays": "NA",
        "TotalWeight": 14,
        "WeightType": "A"
      },
      {
        "BoxHandlingCharge": 0,
        "Code": "E3",
        "ContractFreightTypesApplied": 0,
        "Cost": 13.58,
        "Description": "2 business days",
        "EstimatedArrival": "10/04/2017",
        "FreightCharge": 39.38,
        "InsuranceCharge": 1.08,
        "IsCustomerAccount": false,
        "Name": "FedEx 2 Day",
        "OrderHandlingCharge": 0,
        "OtherCharge": 0.75,
        "SaturdayCharge": 0,
        "SpecialCode": "",
        "TotalCharge": 41.21,
        "TransitBusinessDays": "NA",
        "TotalWeight": 16,
        "WeightType": "A"
      },
      {
        "BoxHandlingCharge": 0,
        "Code": "C2",
        "ContractFreightTypesApplied": 0,
        "Cost": 14.65,
        "Description": "2 business days",
        "EstimatedArrival": "10/04/2017",
        "FreightCharge": 42.49,
        "InsuranceCharge": 1.08,
        "IsCustomerAccount": false,
        "Name": "UPS 2nd Day Air",
        "OrderHandlingCharge": 0,
        "OtherCharge": 0.75,
        "SaturdayCharge": 0,
        "SpecialCode": "",
        "TotalCharge": 44.32,
        "TransitBusinessDays": "NA",
        "TotalWeight": 14,
        "WeightType": "A"
      },
      {
        "BoxHandlingCharge": 0,
        "Code": "EE",
        "ContractFreightTypesApplied": 0,
        "Cost": 20.29,
        "Description": "3 business days",
        "EstimatedArrival": "10/05/2017",
        "FreightCharge": 45.45,
        "InsuranceCharge": 1.08,
        "IsCustomerAccount": false,
        "Name": "FedEx Express Saver - 3 Day",
        "OrderHandlingCharge": 0,
        "OtherCharge": 0.75,
        "SaturdayCharge": 0,
        "SpecialCode": "",
        "TotalCharge": 47.28,
        "TransitBusinessDays": "NA",
        "TotalWeight": 16,
        "WeightType": "A"
      },
      {
        "BoxHandlingCharge": 0,
        "Code": "E1",
        "ContractFreightTypesApplied": 0,
        "Cost": 18.31,
        "Description": "Next business day afternoon",
        "EstimatedArrival": "10/03/2017",
        "FreightCharge": 58.04,
        "InsuranceCharge": 1.08,
        "IsCustomerAccount": false,
        "Name": "FedEx Standard Overnight",
        "OrderHandlingCharge": 0,
        "OtherCharge": 0.75,
        "SaturdayCharge": 0,
        "SpecialCode": "",
        "TotalCharge": 59.87,
        "TransitBusinessDays": "NA",
        "TotalWeight": 16,
        "WeightType": "A"
      },
      {
        "BoxHandlingCharge": 0,
        "Code": "E7",
        "ContractFreightTypesApplied": 0,
        "Cost": 20.28,
        "Description": "Next business day morning",
        "EstimatedArrival": "10/03/2017",
        "FreightCharge": 64.29,
        "InsuranceCharge": 1.08,
        "IsCustomerAccount": false,
        "Name": "FedEx Priority Overnight",
        "OrderHandlingCharge": 0,
        "OtherCharge": 0.75,
        "SaturdayCharge": 0,
        "SpecialCode": "",
        "TotalCharge": 66.12,
        "TransitBusinessDays": "NA",
        "TotalWeight": 16,
        "WeightType": "A"
      },
      {
        "BoxHandlingCharge": 0,
        "Code": "CR",
        "ContractFreightTypesApplied": 0,
        "Cost": 23.19,
        "Description": "Next business day afternoon",
        "EstimatedArrival": "10/03/2017",
        "FreightCharge": 73.51,
        "InsuranceCharge": 1.08,
        "IsCustomerAccount": false,
        "Name": "UPS Next Day Air Saver",
        "OrderHandlingCharge": 0,
        "OtherCharge": 0.75,
        "SaturdayCharge": 0,
        "SpecialCode": "",
        "TotalCharge": 75.34,
        "TransitBusinessDays": "NA",
        "TotalWeight": 14,
        "WeightType": "A"
      },
      {
        "BoxHandlingCharge": 0,
        "Code": "C1",
        "ContractFreightTypesApplied": 0,
        "Cost": 26,
        "Description": "Next business day by 10:30am",
        "EstimatedArrival": "10/03/2017",
        "FreightCharge": 82.42,
        "InsuranceCharge": 1.08,
        "IsCustomerAccount": false,
        "Name": "UPS Next Day 10:30, most areas",
        "OrderHandlingCharge": 0,
        "OtherCharge": 0.75,
        "SaturdayCharge": 0,
        "SpecialCode": "",
        "TotalCharge": 84.25,
        "TransitBusinessDays": "NA",
        "TotalWeight": 14,
        "WeightType": "A"
      },
      {
        "BoxHandlingCharge": 0,
        "Code": "WC",
        "ContractFreightTypesApplied": 0,
        "Cost": 0,
        "Description": "Pickup at our Vernon Hills showroom",
        "EstimatedArrival": "n/a",
        "FreightCharge": 0,
        "InsuranceCharge": 0,
        "IsCustomerAccount": false,
        "Name": "Will Call",
        "OrderHandlingCharge": 0,
        "OtherCharge": 0,
        "SaturdayCharge": 0,
        "SpecialCode": "",
        "TotalCharge": 0,
        "TransitBusinessDays": "NA",
        "TotalWeight": 0,
        "WeightType": "A"
      },
      {
        "BoxHandlingCharge": 0.6,
        "Code": "PM",
        "ContractFreightTypesApplied": 0,
        "Cost": 56.45,
        "Description": "5-8 business days",
        "EstimatedArrival": "n/a",
        "FreightCharge": 56.45,
        "InsuranceCharge": 3.01,
        "IsCustomerAccount": false,
        "Name": "USPS Priority Mail",
        "OrderHandlingCharge": 11.5,
        "OtherCharge": 0,
        "SaturdayCharge": 0,
        "SpecialCode": "",
        "TotalCharge": 71.56,
        "TransitBusinessDays": "NA",
        "TotalWeight": 16,
        "WeightType": "A"
      },
      {
        "BoxHandlingCharge": 0.6,
        "Code": "EM",
        "ContractFreightTypesApplied": 0,
        "Cost": 79.6,
        "Description": "2-3 business days",
        "EstimatedArrival": "n/a",
        "FreightCharge": 79.6,
        "InsuranceCharge": 3.01,
        "IsCustomerAccount": false,
        "Name": "USPS Priority Mail Express",
        "OrderHandlingCharge": 11.5,
        "OtherCharge": 0,
        "SaturdayCharge": 0,
        "SpecialCode": "",
        "TotalCharge": 94.71,
        "TransitBusinessDays": "NA",
        "TotalWeight": 16,
        "WeightType": "A"
      },
      {
        "BoxHandlingCharge": 0,
        "Code": "RC",
        "ContractFreightTypesApplied": 0,
        "Cost": 0,
        "Description": "2-5 business days, your FedEx account",
        "EstimatedArrival": "n/a",
        "FreightCharge": 0,
        "InsuranceCharge": 0,
        "IsCustomerAccount": true,
        "Name": "FedEx Ground - Cust Acct",
        "OrderHandlingCharge": 0,
        "OtherCharge": 0,
        "SaturdayCharge": 0,
        "SpecialCode": "",
        "TotalCharge": 0,
        "TransitBusinessDays": "NA",
        "TotalWeight": 8,
        "WeightType": "A"
      },
      {
        "BoxHandlingCharge": 0,
        "Code": "X1",
        "ContractFreightTypesApplied": 0,
        "Cost": 0,
        "Description": "Next business day afternoon, your FedEx account",
        "EstimatedArrival": "10/03/2017",
        "FreightCharge": 0,
        "InsuranceCharge": 0,
        "IsCustomerAccount": true,
        "Name": "FedEx Strd Overnight Aft -Cust Acct",
        "OrderHandlingCharge": 0,
        "OtherCharge": 0,
        "SaturdayCharge": 0,
        "SpecialCode": "",
        "TotalCharge": 0,
        "TransitBusinessDays": "NA",
        "TotalWeight": 16,
        "WeightType": "A"
      },
      {
        "BoxHandlingCharge": 0,
        "Code": "X3",
        "ContractFreightTypesApplied": 0,
        "Cost": 0,
        "Description": "2 business days, your FedEx account",
        "EstimatedArrival": "10/04/2017",
        "FreightCharge": 0,
        "InsuranceCharge": 0,
        "IsCustomerAccount": true,
        "Name": "FedEx 2 Day - Cust Acct",
        "OrderHandlingCharge": 0,
        "OtherCharge": 0,
        "SaturdayCharge": 0,
        "SpecialCode": "",
        "TotalCharge": 0,
        "TransitBusinessDays": "NA",
        "TotalWeight": 16,
        "WeightType": "A"
      },
      {
        "BoxHandlingCharge": 0,
        "Code": "X7",
        "ContractFreightTypesApplied": 0,
        "Cost": 0,
        "Description": "Next business day morning, your FedEx account",
        "EstimatedArrival": "10/03/2017",
        "FreightCharge": 0,
        "InsuranceCharge": 0,
        "IsCustomerAccount": true,
        "Name": "FedEx Overnight 10:30 - Cust Acct",
        "OrderHandlingCharge": 0,
        "OtherCharge": 0,
        "SaturdayCharge": 0,
        "SpecialCode": "",
        "TotalCharge": 0,
        "TransitBusinessDays": "NA",
        "TotalWeight": 16,
        "WeightType": "A"
      },
      {
        "BoxHandlingCharge": 0,
        "Code": "XE",
        "ContractFreightTypesApplied": 0,
        "Cost": 0,
        "Description": "3 business days, your FedEx account",
        "EstimatedArrival": "10/05/2017",
        "FreightCharge": 0,
        "InsuranceCharge": 0,
        "IsCustomerAccount": true,
        "Name": "FedEx Express Saver 3Day -Cust Acct",
        "OrderHandlingCharge": 0,
        "OtherCharge": 0,
        "SaturdayCharge": 0,
        "SpecialCode": "",
        "TotalCharge": 0,
        "TransitBusinessDays": "NA",
        "TotalWeight": 16,
        "WeightType": "A"
      },
      {
        "BoxHandlingCharge": 0,
        "Code": "P1",
        "ContractFreightTypesApplied": 0,
        "Cost": 0,
        "Description": "Next business day morning, your UPS account",
        "EstimatedArrival": "10/03/2017",
        "FreightCharge": 0,
        "InsuranceCharge": 0,
        "IsCustomerAccount": true,
        "Name": "UPS Next Day 10:30 - Cust Acct",
        "OrderHandlingCharge": 0,
        "OtherCharge": 0,
        "SaturdayCharge": 0,
        "SpecialCode": "",
        "TotalCharge": 0,
        "TransitBusinessDays": "NA",
        "TotalWeight": 16,
        "WeightType": "A"
      },
      {
        "BoxHandlingCharge": 0,
        "Code": "P2",
        "ContractFreightTypesApplied": 0,
        "Cost": 0,
        "Description": "2 business days, your UPS account",
        "EstimatedArrival": "10/04/2017",
        "FreightCharge": 0,
        "InsuranceCharge": 0,
        "IsCustomerAccount": true,
        "Name": "UPS 2nd Day Air - Cust Acct",
        "OrderHandlingCharge": 0,
        "OtherCharge": 0,
        "SaturdayCharge": 0,
        "SpecialCode": "",
        "TotalCharge": 0,
        "TransitBusinessDays": "NA",
        "TotalWeight": 16,
        "WeightType": "A"
      },
      {
        "BoxHandlingCharge": 0,
        "Code": "PG",
        "ContractFreightTypesApplied": 0,
        "Cost": 0,
        "Description": "2-5 business days, your UPS account",
        "EstimatedArrival": "n/a",
        "FreightCharge": 0,
        "InsuranceCharge": 0,
        "IsCustomerAccount": true,
        "Name": "UPS Ground - Cust Acct",
        "OrderHandlingCharge": 0,
        "OtherCharge": 0,
        "SaturdayCharge": 0,
        "SpecialCode": "",
        "TotalCharge": 0,
        "TransitBusinessDays": "NA",
        "TotalWeight": 8,
        "WeightType": "A"
      },
      {
        "BoxHandlingCharge": 0,
        "Code": "PL",
        "ContractFreightTypesApplied": 0,
        "Cost": 0,
        "Description": "3 business days, your UPS account",
        "EstimatedArrival": "10/05/2017",
        "FreightCharge": 0,
        "InsuranceCharge": 0,
        "IsCustomerAccount": true,
        "Name": "UPS 3 Day Select - Cust Acct",
        "OrderHandlingCharge": 0,
        "OtherCharge": 0,
        "SaturdayCharge": 0,
        "SpecialCode": "",
        "TotalCharge": 0,
        "TransitBusinessDays": "NA",
        "TotalWeight": 16,
        "WeightType": "A"
      },
      {
        "BoxHandlingCharge": 0,
        "Code": "PR",
        "ContractFreightTypesApplied": 0,
        "Cost": 0,
        "Description": "Next business day afternoon",
        "EstimatedArrival": "10/03/2017",
        "FreightCharge": 0,
        "InsuranceCharge": 0,
        "IsCustomerAccount": true,
        "Name": "UPS Next Day Air Saver - Cust Acct",
        "OrderHandlingCharge": 0,
        "OtherCharge": 0,
        "SaturdayCharge": 0,
        "SpecialCode": "",
        "TotalCharge": 0,
        "TransitBusinessDays": "NA",
        "TotalWeight": 16,
        "WeightType": "A"
      },
      {
        "BoxHandlingCharge": 0,
        "Code": "U1",
        "ContractFreightTypesApplied": 0,
        "Cost": 0,
        "Description": "Next business day morning, your UPS account",
        "EstimatedArrival": "10/03/2017",
        "FreightCharge": 0,
        "InsuranceCharge": 0,
        "IsCustomerAccount": true,
        "Name": "UPS Next Day 10:30 - Consignee",
        "OrderHandlingCharge": 0,
        "OtherCharge": 0,
        "SaturdayCharge": 0,
        "SpecialCode": "",
        "TotalCharge": 0,
        "TransitBusinessDays": "NA",
        "TotalWeight": 16,
        "WeightType": "A"
      },
      {
        "BoxHandlingCharge": 0,
        "Code": "U2",
        "ContractFreightTypesApplied": 0,
        "Cost": 0,
        "Description": "2 business days, your UPS account",
        "EstimatedArrival": "10/04/2017",
        "FreightCharge": 0,
        "InsuranceCharge": 0,
        "IsCustomerAccount": true,
        "Name": "UPS 2nd Day Air - Consignee Billing",
        "OrderHandlingCharge": 0,
        "OtherCharge": 0,
        "SaturdayCharge": 0,
        "SpecialCode": "",
        "TotalCharge": 0,
        "TransitBusinessDays": "NA",
        "TotalWeight": 16,
        "WeightType": "A"
      },
      {
        "BoxHandlingCharge": 0,
        "Code": "U3",
        "ContractFreightTypesApplied": 0,
        "Cost": 0,
        "Description": "3 business days, your UPS account",
        "EstimatedArrival": "10/05/2017",
        "FreightCharge": 0,
        "InsuranceCharge": 0,
        "IsCustomerAccount": true,
        "Name": "UPS 3 Day Select -Consignee Billing",
        "OrderHandlingCharge": 0,
        "OtherCharge": 0,
        "SaturdayCharge": 0,
        "SpecialCode": "",
        "TotalCharge": 0,
        "TransitBusinessDays": "NA",
        "TotalWeight": 16,
        "WeightType": "A"
      },
      {
        "BoxHandlingCharge": 0,
        "Code": "UG",
        "ContractFreightTypesApplied": 0,
        "Cost": 0,
        "Description": "2-5 business days, your UPS account",
        "EstimatedArrival": "n/a",
        "FreightCharge": 0,
        "InsuranceCharge": 0,
        "IsCustomerAccount": true,
        "Name": "UPS Ground - Consignee Billing",
        "OrderHandlingCharge": 0,
        "OtherCharge": 0,
        "SaturdayCharge": 0,
        "SpecialCode": "",
        "TotalCharge": 0,
        "TransitBusinessDays": "NA",
        "TotalWeight": 8,
        "WeightType": "A"
      }
    ]
  },
  "PackageCount": 1,
  "TransactionIdentifier": "CE132A83-8BAE-40B1-AA1C-A2FFEC264BF5"
}