﻿{
  "CompanyCode": "01",
  "OrderReferenceNumber": null,
  "ItemsToShip": [

    {
      "ContractReferenceNumber": null,
      "OrderLineNumber": 1,
      "ProductCode": "3324981",
      "UnitPrice": 3379.99,
      "Quantity": 1
    }
  ],
  "ShipTo": {
    "CompanyName": "Van DeLay Industries",
    "FirstName": null,
    "LastName": null,
    "Line1": "551 Milwaukee Ave",
    "Line2": null,
    "City": "New Albany",
    "State": "OH",
    "PostalCode": "43051",
    "Country": "US"
  },
  "Requester": {
    "ApplicationName": "WEB",
    "HostName": "it-matters-not",
    "JobName": "Checkout",
    "Platform": "CS"
  },
  "SalesChannel": {
    "Code": "",
    "ShipMethodFilter": 1
  },
  "Options": {
    "IncludeFreightDetails": false
  }
}