﻿{
  "ErrorMessage": "",
  "Freight": {
    "Details": [],
    "ShippingMethods": [
      {
        "BoxHandlingCharge": 0,
        "Code": "CG",
        "ContractFreightTypesApplied": 0,
        "Cost": 4.08,
        "Description": "2-5 business days",
        "EstimatedArrival": "n/a",
        "FreightCharge": 18.36,
        "InsuranceCharge": 1.08,
        "IsCustomerAccount": false,
        "Name": "UPS Ground",
        "OrderHandlingCharge": 0,
        "OtherCharge": 0.75,
        "SaturdayCharge": 0,
        "SpecialCode": "",
        "TotalCharge": 11.01,
        "TransitBusinessDays": "NA",
        "TotalWeight": 8,
        "WeightType": "A"
      },
      {
        "BoxHandlingCharge": 0,
        "Code": "3L",
        "ContractFreightTypesApplied": 0,
        "Cost": 5.66,
        "Description": "3 business days",
        "EstimatedArrival": "n/a",
        "FreightCharge": 15.84,
        "InsuranceCharge": 1.08,
        "IsCustomerAccount": false,
        "Name": "UPS 3 Day Select",
        "OrderHandlingCharge": 0,
        "OtherCharge": 0.75,
        "SaturdayCharge": 0,
        "SpecialCode": "",
        "TotalCharge": 17.67,
        "TransitBusinessDays": "NA",
        "TotalWeight": 14,
        "WeightType": "A"
      },
      {
        "BoxHandlingCharge": 0,
        "Code": "C2",
        "ContractFreightTypesApplied": 0,
        "Cost": 6.33,
        "Description": "2 business days",
        "EstimatedArrival": "n/a",
        "FreightCharge": 18.36,
        "InsuranceCharge": 1.08,
        "IsCustomerAccount": false,
        "Name": "UPS 2nd Day Air",
        "OrderHandlingCharge": 0,
        "OtherCharge": 0.75,
        "SaturdayCharge": 0,
        "SpecialCode": "",
        "TotalCharge": 20.19,
        "TransitBusinessDays": "NA",
        "TotalWeight": 14,
        "WeightType": "A"
      },
      {
        "BoxHandlingCharge": 0,
        "Code": "C1",
        "ContractFreightTypesApplied": 0,
        "Cost": 11.95,
        "Description": "Next business day by 10:30am",
        "EstimatedArrival": "n/a",
        "FreightCharge": 37.88,
        "InsuranceCharge": 1.08,
        "IsCustomerAccount": false,
        "Name": "UPS Next Day 10:30, most areas",
        "OrderHandlingCharge": 0,
        "OtherCharge": 0.75,
        "SaturdayCharge": 0,
        "SpecialCode": "",
        "TotalCharge": 39.71,
        "TransitBusinessDays": "NA",
        "TotalWeight": 14,
        "WeightType": "A"
      },
      {
        "BoxHandlingCharge": 0,
        "Code": "WC",
        "ContractFreightTypesApplied": 0,
        "Cost": 0,
        "Description": "Pickup at our Vernon Hills showroom",
        "EstimatedArrival": "n/a",
        "FreightCharge": 0,
        "InsuranceCharge": 0,
        "IsCustomerAccount": false,
        "Name": "Will Call",
        "OrderHandlingCharge": 0,
        "OtherCharge": 0,
        "SaturdayCharge": 0,
        "SpecialCode": "",
        "TotalCharge": 0,
        "TransitBusinessDays": "NA",
        "TotalWeight": 0,
        "WeightType": "A"
      },
      {
        "BoxHandlingCharge": 0.6,
        "Code": "PM",
        "ContractFreightTypesApplied": 0,
        "Cost": 13.1,
        "Description": "5-8 business days",
        "EstimatedArrival": "n/a",
        "FreightCharge": 13.1,
        "InsuranceCharge": 3.01,
        "IsCustomerAccount": false,
        "Name": "USPS Priority Mail",
        "OrderHandlingCharge": 11.5,
        "OtherCharge": 0,
        "SaturdayCharge": 0,
        "SpecialCode": "",
        "TotalCharge": 28.21,
        "TransitBusinessDays": "NA",
        "TotalWeight": 16,
        "WeightType": "A"
      },
      {
        "BoxHandlingCharge": 0.6,
        "Code": "EM",
        "ContractFreightTypesApplied": 0,
        "Cost": 45.8,
        "Description": "2-3 business days",
        "EstimatedArrival": "n/a",
        "FreightCharge": 45.8,
        "InsuranceCharge": 3.01,
        "IsCustomerAccount": false,
        "Name": "USPS Priority Mail Express",
        "OrderHandlingCharge": 11.5,
        "OtherCharge": 0,
        "SaturdayCharge": 0,
        "SpecialCode": "",
        "TotalCharge": 60.91,
        "TransitBusinessDays": "NA",
        "TotalWeight": 16,
        "WeightType": "A"
      },
      {
        "BoxHandlingCharge": 0,
        "Code": "P1",
        "ContractFreightTypesApplied": 0,
        "Cost": 0,
        "Description": "Next business day morning, your UPS account",
        "EstimatedArrival": "n/a",
        "FreightCharge": 0,
        "InsuranceCharge": 0,
        "IsCustomerAccount": true,
        "Name": "UPS Next Day 10:30 - Cust Acct",
        "OrderHandlingCharge": 0,
        "OtherCharge": 0,
        "SaturdayCharge": 0,
        "SpecialCode": "",
        "TotalCharge": 0,
        "TransitBusinessDays": "NA",
        "TotalWeight": 16,
        "WeightType": "A"
      },
      {
        "BoxHandlingCharge": 0,
        "Code": "P2",
        "ContractFreightTypesApplied": 0,
        "Cost": 0,
        "Description": "2 business days, your UPS account",
        "EstimatedArrival": "n/a",
        "FreightCharge": 0,
        "InsuranceCharge": 0,
        "IsCustomerAccount": true,
        "Name": "UPS 2nd Day Air - Cust Acct",
        "OrderHandlingCharge": 0,
        "OtherCharge": 0,
        "SaturdayCharge": 0,
        "SpecialCode": "",
        "TotalCharge": 0,
        "TransitBusinessDays": "NA",
        "TotalWeight": 16,
        "WeightType": "A"
      },
      {
        "BoxHandlingCharge": 0,
        "Code": "PG",
        "ContractFreightTypesApplied": 0,
        "Cost": 0,
        "Description": "2-5 business days, your UPS account",
        "EstimatedArrival": "n/a",
        "FreightCharge": 0,
        "InsuranceCharge": 0,
        "IsCustomerAccount": true,
        "Name": "UPS Ground - Cust Acct",
        "OrderHandlingCharge": 0,
        "OtherCharge": 0,
        "SaturdayCharge": 0,
        "SpecialCode": "",
        "TotalCharge": 0,
        "TransitBusinessDays": "NA",
        "TotalWeight": 8,
        "WeightType": "A"
      },
      {
        "BoxHandlingCharge": 0,
        "Code": "PL",
        "ContractFreightTypesApplied": 0,
        "Cost": 0,
        "Description": "3 business days, your UPS account",
        "EstimatedArrival": "n/a",
        "FreightCharge": 0,
        "InsuranceCharge": 0,
        "IsCustomerAccount": true,
        "Name": "UPS 3 Day Select - Cust Acct",
        "OrderHandlingCharge": 0,
        "OtherCharge": 0,
        "SaturdayCharge": 0,
        "SpecialCode": "",
        "TotalCharge": 0,
        "TransitBusinessDays": "NA",
        "TotalWeight": 16,
        "WeightType": "A"
      },
      {
        "BoxHandlingCharge": 0,
        "Code": "U1",
        "ContractFreightTypesApplied": 0,
        "Cost": 0,
        "Description": "Next business day morning, your UPS account",
        "EstimatedArrival": "n/a",
        "FreightCharge": 0,
        "InsuranceCharge": 0,
        "IsCustomerAccount": true,
        "Name": "UPS Next Day 10:30 - Consignee",
        "OrderHandlingCharge": 0,
        "OtherCharge": 0,
        "SaturdayCharge": 0,
        "SpecialCode": "",
        "TotalCharge": 0,
        "TransitBusinessDays": "NA",
        "TotalWeight": 16,
        "WeightType": "A"
      },
      {
        "BoxHandlingCharge": 0,
        "Code": "U2",
        "ContractFreightTypesApplied": 0,
        "Cost": 0,
        "Description": "2 business days, your UPS account",
        "EstimatedArrival": "n/a",
        "FreightCharge": 0,
        "InsuranceCharge": 0,
        "IsCustomerAccount": true,
        "Name": "UPS 2nd Day Air - Consignee Billing",
        "OrderHandlingCharge": 0,
        "OtherCharge": 0,
        "SaturdayCharge": 0,
        "SpecialCode": "",
        "TotalCharge": 0,
        "TransitBusinessDays": "NA",
        "TotalWeight": 16,
        "WeightType": "A"
      },
      {
        "BoxHandlingCharge": 0,
        "Code": "U3",
        "ContractFreightTypesApplied": 0,
        "Cost": 0,
        "Description": "3 business days, your UPS account",
        "EstimatedArrival": "n/a",
        "FreightCharge": 0,
        "InsuranceCharge": 0,
        "IsCustomerAccount": true,
        "Name": "UPS 3 Day Select -Consignee Billing",
        "OrderHandlingCharge": 0,
        "OtherCharge": 0,
        "SaturdayCharge": 0,
        "SpecialCode": "",
        "TotalCharge": 0,
        "TransitBusinessDays": "NA",
        "TotalWeight": 16,
        "WeightType": "A"
      },
      {
        "BoxHandlingCharge": 0,
        "Code": "UG",
        "ContractFreightTypesApplied": 0,
        "Cost": 0,
        "Description": "2-5 business days, your UPS account",
        "EstimatedArrival": "n/a",
        "FreightCharge": 0,
        "InsuranceCharge": 0,
        "IsCustomerAccount": true,
        "Name": "UPS Ground - Consignee Billing",
        "OrderHandlingCharge": 0,
        "OtherCharge": 0,
        "SaturdayCharge": 0,
        "SpecialCode": "",
        "TotalCharge": 0,
        "TransitBusinessDays": "NA",
        "TotalWeight": 8,
        "WeightType": "A"
      }
    ]
  },
  "PackageCount": 1,
  "TransactionIdentifier": "E939044C-FFA6-4FFC-94E1-B87E814BAF91"
}