﻿{
  "ErrorMessage": "",
  "Freight": {
    "Details": [],
    "ShippingMethods": [
      {
        "BoxHandlingCharge": 0,
        "Code": "DU",
        "ContractFreightTypesApplied": 0,
        "Cost": 23.55,
        "Description": "2-5 business days",
        "EstimatedArrival": "n/a",
        "FreightCharge": 52.99,
        "InsuranceCharge": 6.82,
        "IsCustomerAccount": false,
        "Name": "Drop Ship Ground",
        "OrderHandlingCharge": 0,
        "OtherCharge": 0,
        "SaturdayCharge": 0,
        "SpecialCode": "",
        "TotalCharge": 59.81,
        "TransitBusinessDays": "NA",
        "TotalWeight": 0,
        "WeightType": "A"
      },
      {
        "BoxHandlingCharge": 0,
        "Code": "DC",
        "ContractFreightTypesApplied": 0,
        "Cost": 96.28,
        "Description": "2-5 business days",
        "EstimatedArrival": "n/a",
        "FreightCharge": 216.63,
        "InsuranceCharge": 6.82,
        "IsCustomerAccount": false,
        "Name": "Drop Ship Common Carrier",
        "OrderHandlingCharge": 0,
        "OtherCharge": 0,
        "SaturdayCharge": 0,
        "SpecialCode": "",
        "TotalCharge": 223.45,
        "TransitBusinessDays": "NA",
        "TotalWeight": 0,
        "WeightType": "A"
      },
      {
        "BoxHandlingCharge": 0,
        "Code": "KG",
        "ContractFreightTypesApplied": 0,
        "Cost": 0,
        "Description": "2-5 business days, your UPS account",
        "EstimatedArrival": "n/a",
        "FreightCharge": 0,
        "InsuranceCharge": 0,
        "IsCustomerAccount": true,
        "Name": "Drop Ship -UPS Ground, Cust Acct",
        "OrderHandlingCharge": 0,
        "OtherCharge": 0,
        "SaturdayCharge": 0,
        "SpecialCode": "",
        "TotalCharge": 0,
        "TransitBusinessDays": "NA",
        "TotalWeight": 0,
        "WeightType": "A"
      }
    ]
  },
  "PackageCount": 1,
  "TransactionIdentifier": "3BD3BC44-3DA4-48ED-8350-E7E1088CD004"
}