﻿ {
    "CompanyCode": "01",
    "OrderReferenceNumber": null,
    "ItemsToShip": [
      {
        "ContractReferenceNumber": null,
        "OrderLineNumber": 1,
        "ProductCode": "2675285",
        "UnitPrice": 100,
        "Quantity": 1
      },
      {
        "ContractReferenceNumber": null,
        "OrderLineNumber": 2,
        "ProductCode": "2675286",
        "UnitPrice": 100,
        "Quantity": 1
      }
    ],
    "ShipTo": {
      "CompanyName": "Van DeLay Industries",
      "FirstName": null,
      "LastName": null,
      "Line1": "3600 Denali St",
      "Line2": null,
      "City": "Anchorage",
      "State": "AK",
      "PostalCode": "99503",
      "Country": "US"
    },
    "Requester": {
      "ApplicationName": "WEB",
      "HostName": "it-matters-not",
      "JobName": "Checkout",
      "Platform": "CS"
    },
    "SalesChannel": {
      "Code": "XDR",
      "ShipMethodFilter": 1
    },
    "Options": {
      "IncludeFreightDetails": false
    }
  }