﻿{
    "ErrorMessage": "",
    "Freight": {
        "Details": [],
        "ShippingMethods": [
            {
                "BoxHandlingCharge": 0,
                "Code": "XC",
                "ContractFreightTypesApplied": 0,
                "Cost": 8.48,
                "Description": "2-5 business days",
                "EstimatedArrival": "n/a",
                "FreightCharge": 15.99,
                "InsuranceCharge": 0,
                "IsCustomerAccount": false,
                "Name": "CDW Xerox - FedEx Ground",
                "OrderHandlingCharge": 0,
                "OtherCharge": 0,
                "SaturdayCharge": 0,
                "SpecialCode": "XDR",
                "TotalCharge": 15.99,
                "TransitBusinessDays": "NA",
                "TotalWeight": 60,
                "WeightType": "A"
            },
            {
                "BoxHandlingCharge": 0,
                "Code": "XK",
                "ContractFreightTypesApplied": 0,
                "Cost": 20.94,
                "Description": "2 business days",
                "EstimatedArrival": "09/18/2017",
                "FreightCharge": 29.99,
                "InsuranceCharge": 0,
                "IsCustomerAccount": false,
                "Name": "CDW Xerox - FedEx 2 Day",
                "OrderHandlingCharge": 0,
                "OtherCharge": 0,
                "SaturdayCharge": 0,
                "SpecialCode": "XDR",
                "TotalCharge": 29.99,
                "TransitBusinessDays": "2",
                "TotalWeight": 60,
                "WeightType": "A"
            },
            {
                "BoxHandlingCharge": 0,
                "Code": "XM",
                "ContractFreightTypesApplied": 0,
                "Cost": 22.56,
                "Description": "Next business day afternoon",
                "EstimatedArrival": "09/15/2017",
                "FreightCharge": 39.99,
                "InsuranceCharge": 0,
                "IsCustomerAccount": false,
                "Name": "CDW Xerox - FedEx Standard Overnight",
                "OrderHandlingCharge": 0,
                "OtherCharge": 0,
                "SaturdayCharge": 0,
                "SpecialCode": "XDR",
                "TotalCharge": 39.99,
                "TransitBusinessDays": "1",
                "TotalWeight": 60,
                "WeightType": "A"
            }
        ]
    },
    "PackageCount": 2,
    "TransactionIdentifier": "5F3D314F-FB71-452E-9B68-934D5AD56348"
}