﻿{
	"CompanyCode": null,
	"OrderReferenceNumber": null,
	"ItemsToShip":[
		{ "ContractReferenceNumber": null, "OrderLineNumber": 1, "ProductCode": "3255417", "UnitPrice": 606.99, "Quantity": 5 },
		{ "ContractReferenceNumber": null, "OrderLineNumber": 2, "ProductCode": "3020456", "UnitPrice": 96.99, "Quantity": 3 },
		{ "ContractReferenceNumber": null, "OrderLineNumber": 3, "ProductCode": "1706189", "UnitPrice": 17.99, "Quantity": 2 }
	],
	"ShipTo": {
		"CompanyName": "Van DeLay Industries",
		"FirstName": null,
		"LastName": null,
		"Line1": "551 Milwaukee Ave",
		"Line2": null,
		"City": "Vernon Hills",
		"State": "IL",
		"PostalCode": "60601",
		"Country": "US"
	},
	"Requester": {
		"ApplicationName": "WEB",
		"HostName": "it-matters-not",
		"JobName": "Checkout",
		"Platform": "CS"
	},
	"Options": {"IncludeFreightDetails": true }
}