﻿{
  "ErrorMessage": "",
  "Freight": {
    "Details": [],
    "ShippingMethods": [
      {
        "BoxHandlingCharge": 0,
        "Code": "XO",
        "ContractFreightTypesApplied": 0,
        "Cost": 27.68,
        "Description": "5-8 business days",
        "EstimatedArrival": "n/a",
        "FreightCharge": 7.99,
        "InsuranceCharge": 0,
        "IsCustomerAccount": false,
        "Name": "CDW Xerox - FedEx Ground AK & HI",
        "OrderHandlingCharge": 0,
        "OtherCharge": 0,
        "SaturdayCharge": 0,
        "SpecialCode": "XDR",
        "TotalCharge": 7.99,
        "TransitBusinessDays": "NA",
        "TotalWeight": 3,
        "WeightType": "A"
      },
      {
        "BoxHandlingCharge": 0,
        "Code": "X8",
        "ContractFreightTypesApplied": 0,
        "Cost": 14.34,
        "Description": "3-8 business days",
        "EstimatedArrival": "10/02/2017",
        "FreightCharge": 14.99,
        "InsuranceCharge": 0,
        "IsCustomerAccount": false,
        "Name": "CDW Xerox - FedEx Express AK & HI",
        "OrderHandlingCharge": 0,
        "OtherCharge": 0,
        "SaturdayCharge": 0,
        "SpecialCode": "XDR",
        "TotalCharge": 14.99,
        "TransitBusinessDays": "2",
        "TotalWeight": 4,
        "WeightType": "A"
      },
      {
        "BoxHandlingCharge": 0,
        "Code": "X9",
        "ContractFreightTypesApplied": 0,
        "Cost": 22.91,
        "Description": "2-7 business days",
        "EstimatedArrival": "09/29/2017",
        "FreightCharge": 19.99,
        "InsuranceCharge": 0,
        "IsCustomerAccount": false,
        "Name": "CDW Xerox - FedEx Priority AK & HI",
        "OrderHandlingCharge": 0,
        "OtherCharge": 0,
        "SaturdayCharge": 0,
        "SpecialCode": "XDR",
        "TotalCharge": 19.99,
        "TransitBusinessDays": "1",
        "TotalWeight": 4,
        "WeightType": "A"
      }
    ]
  },
  "PackageCount": 1,
  "TransactionIdentifier": "D5B276A3-BBE7-47DD-BD1A-9092FA975E5F"
}