﻿{
  "CompanyCode": "01",
  "OrderReferenceNumber": null,
  "ItemsToShip": [
    {
      "ContractReferenceNumber": null,
      "OrderLineNumber": 1,
      "ProductCode": "",
      "UnitPrice": 749,
      "Quantity": 1
    }
  ],
  "ShipTo": {
    "CompanyName": "Van DeLay Industries",
    "FirstName": null,
    "LastName": null,
    "Line1": "551 Milwaukee Ave",
    "Line2": null,
    "City": "Vernon Hills",
    "State": "MI",
    "PostalCode": "49071",
    "Country": "US"
  },
  "Requester": {
    "ApplicationName": "",
    "HostName": "",
    "JobName": "",
    "Platform": "CS"
  },
  "SalesChannel": {
    "Code": "",
    "ShipMethodFilter": 1
  },
  "Options": {
    "IncludeFreightDetails": false
  }
}