﻿{
    "CompanyCode": "01",
    "OrderReferenceNumber": null,
    "ItemsToShip": [
        {
            "ContractReferenceNumber": null,
            "OrderLineNumber": 1,
            "ProductCode": "3915332",
            "UnitPrice": 1041.99,
            "Quantity": 3
        },
        {
            "ContractReferenceNumber": null,
            "OrderLineNumber": 1,
            "ProductCode": "3915348",
            "UnitPrice": 559.99,
            "Quantity": 1
        },
        {
            "ContractReferenceNumber": null,
            "OrderLineNumber": 1,
            "ProductCode": "3100697",
            "UnitPrice": 349.00,
            "Quantity": 1
        }
    ],
    "ShipTo": {
        "CompanyName": "Van DeLay Industries",
        "FirstName": null,
        "LastName": null,
        "Line1": "551 Milwaukee Ave",
        "Line2": null,
        "City": "Vernon Hills",
        "State": "IL",
        "PostalCode": "60601",
        "Country": "US"
    },
    "Requester": {
        "ApplicationName": "WEB",
        "HostName": "it-matters-not",
        "JobName": "Checkout",
        "Platform": "CS"
    },
    "SalesChannel": {
        "Code": "XDR",
        "ShipMethodFilter": 1
    },
    "Options": { "IncludeFreightDetails": false }
}