﻿{
  "ErrorMessage": "",
  "Freight": {
    "Details": [],
    "ShippingMethods": [
      {
        "BoxHandlingCharge": 0,
        "Code": "DT",
        "ContractFreightTypesApplied": 0,
        "Cost": 0,
        "Description": "1-2 business days",
        "EstimatedArrival": "n/a",
        "FreightCharge": 0,
        "InsuranceCharge": 0,
        "IsCustomerAccount": false,
        "Name": "Electronic Drop Ship",
        "OrderHandlingCharge": 0,
        "OtherCharge": 0,
        "SaturdayCharge": 0,
        "SpecialCode": "",
        "TotalCharge": 0,
        "TransitBusinessDays": "NA",
        "TotalWeight": 0,
        "WeightType": "A"
      }
    ]
  },
  "PackageCount": 0,
  "TransactionIdentifier": "BBC50F32-3DEF-4458-B8F3-3A7E06266EFD"
}