﻿{
  "ErrorMessage": "",
  "Freight": {
    "Details": [],
    "ShippingMethods": [
      {
        "BoxHandlingCharge": 0,
        "Code": "XC",
        "ContractFreightTypesApplied": 0,
        "Cost": 4.16,
        "Description": "2-5 business days",
        "EstimatedArrival": "n/a",
        "FreightCharge": 7.99,
        "InsuranceCharge": 0,
        "IsCustomerAccount": false,
        "Name": "CDW Xerox - FedEx Ground",
        "OrderHandlingCharge": 0,
        "OtherCharge": 0,
        "SaturdayCharge": 0,
        "SpecialCode": "XDR",
        "TotalCharge": 7.99,
        "TransitBusinessDays": "NA",
        "TotalWeight": 3,
        "WeightType": "A"
      },
      {
        "BoxHandlingCharge": 0,
        "Code": "XK",
        "ContractFreightTypesApplied": 0,
        "Cost": 6.26,
        "Description": "2 business days",
        "EstimatedArrival": "09/29/2017",
        "FreightCharge": 14.99,
        "InsuranceCharge": 0,
        "IsCustomerAccount": false,
        "Name": "CDW Xerox - FedEx 2 Day",
        "OrderHandlingCharge": 0,
        "OtherCharge": 0,
        "SaturdayCharge": 0,
        "SpecialCode": "XDR",
        "TotalCharge": 14.99,
        "TransitBusinessDays": "2",
        "TotalWeight": 4,
        "WeightType": "A"
      },
      {
        "BoxHandlingCharge": 0,
        "Code": "XM",
        "ContractFreightTypesApplied": 0,
        "Cost": 7.09,
        "Description": "Next business day afternoon",
        "EstimatedArrival": "09/28/2017",
        "FreightCharge": 19.99,
        "InsuranceCharge": 0,
        "IsCustomerAccount": false,
        "Name": "CDW Xerox - FedEx Standard Overnight",
        "OrderHandlingCharge": 0,
        "OtherCharge": 0,
        "SaturdayCharge": 0,
        "SpecialCode": "XDR",
        "TotalCharge": 19.99,
        "TransitBusinessDays": "1",
        "TotalWeight": 4,
        "WeightType": "A"
      }
    ]
  },
  "PackageCount": 1,
  "TransactionIdentifier": "1D085617-DF23-4981-8356-992CC2890C21"
}