﻿{
  "CompanyCode": "01",
  "OrderReferenceNumber": null,
  "ItemsToShip": [
    {
      "ContractReferenceNumber": null,
      "OrderLineNumber": 1,
      "ProductCode": "2675285",
      "UnitPrice": 100,
      "Quantity": 1
    },
    {
      "ContractReferenceNumber": null,
      "OrderLineNumber": 2,
      "ProductCode": "2675286",
      "UnitPrice": 100,
      "Quantity": 1
    }
  ],
  "ShipTo": {
    "CompanyName": "Van DeLay Industries",
    "FirstName": null,
    "LastName": null,
    "Line1": "551 Milwaukee Ave",
    "Line2": null,
    "City": "Vernon Hills",
    "State": "MI",
    "PostalCode": "49071",
    "Country": "US"
  },
  "Requester": {
    "ApplicationName": "WEB",
    "HostName": "it-matters-not",
    "JobName": "Checkout",
    "Platform": "CS"
  },
  "SalesChannel": {
    "Code": "XDR",
    "ShipMethodFilter": 1
  },
  "Options": {
    "IncludeFreightDetails": true
  }
}