﻿{
    "ErrorMessage": "",
    "Freight": {
        "Details": [],
        "ShippingMethods": [
            {
                "BoxHandlingCharge": 0,
                "Code": "XC",
                "ContractFreightTypesApplied": 0,
                "Cost": 13.28,
                "Description": "2-5 business days",
                "EstimatedArrival": "n/a",
                "FreightCharge": 39.99,
                "InsuranceCharge": 0,
                "IsCustomerAccount": false,
                "Name": "CDW Xerox - FedEx Ground",
                "OrderHandlingCharge": 0,
                "OtherCharge": 0,
                "SaturdayCharge": 0,
                "SpecialCode": "XDR",
                "TotalCharge": 39.99,
                "TransitBusinessDays": "NA",
                "TotalWeight": 95,
                "WeightType": "A"
            },
            {
                "BoxHandlingCharge": 0,
                "Code": "XK",
                "ContractFreightTypesApplied": 0,
                "Cost": 34.97,
                "Description": "2 business days",
                "EstimatedArrival": "09/18/2017",
                "FreightCharge": 69.99,
                "InsuranceCharge": 0,
                "IsCustomerAccount": false,
                "Name": "CDW Xerox - FedEx 2 Day",
                "OrderHandlingCharge": 0,
                "OtherCharge": 0,
                "SaturdayCharge": 0,
                "SpecialCode": "XDR",
                "TotalCharge": 69.99,
                "TransitBusinessDays": "2",
                "TotalWeight": 101,
                "WeightType": "A"
            },
            {
                "BoxHandlingCharge": 0,
                "Code": "XM",
                "ContractFreightTypesApplied": 0,
                "Cost": 37.19,
                "Description": "Next business day afternoon",
                "EstimatedArrival": "09/15/2017",
                "FreightCharge": 99.99,
                "InsuranceCharge": 0,
                "IsCustomerAccount": false,
                "Name": "CDW Xerox - FedEx Standard Overnight",
                "OrderHandlingCharge": 0,
                "OtherCharge": 0,
                "SaturdayCharge": 0,
                "SpecialCode": "XDR",
                "TotalCharge": 99.99,
                "TransitBusinessDays": "1",
                "TotalWeight": 101,
                "WeightType": "A"
            }
        ]
    },
    "PackageCount": 3,
    "TransactionIdentifier": "9F1C6D29-3B32-474B-A735-700616BB23F2"
}