﻿{
  "ErrorMessage": "",
  "Freight": {
    "Details": [],
    "ShippingMethods": [
      {
        "BoxHandlingCharge": 0,
        "Code": "XC",
        "ContractFreightTypesApplied": 0,
        "Cost": 5.26,
        "Description": "2-5 business days",
        "EstimatedArrival": "n/a",
        "FreightCharge": 7.99,
        "InsuranceCharge": 0,
        "IsCustomerAccount": false,
        "Name": "CDW Xerox - FedEx Ground",
        "OrderHandlingCharge": 0,
        "OtherCharge": 0,
        "SaturdayCharge": 0,
        "SpecialCode": "XDR",
        "TotalCharge": 7.99,
        "TransitBusinessDays": "NA",
        "TotalWeight": 4,
        "WeightType": "A"
      }
    ]
  },
  "PackageCount": 1,
  "TransactionIdentifier": "DD3CAB87-50B5-492E-B89A-6D94DE23C644"
}