﻿{
  "ErrorMessage": "",
  "Freight": {
    "Details": [
      {
        "OrderLineNumber": 3,
        "ProductCode": "2675285",
        "ShippingMethods": [
          {
            "BoxHandlingCharge": 0,
            "Code": "XC",
            "ContractFreightTypesApplied": 0,
            "Cost": 2.05,
            "DropShipMethodCode": "",
            "FreightCharge": 3.92,
            "InsuranceCharge": 0,
            "OrderHandlingCharge": 0,
            "OtherCharge": 0,
            "SaturdayCharge": 0,
            "TotalCharge": 3.92
          },
          {
            "BoxHandlingCharge": 0,
            "Code": "XK",
            "ContractFreightTypesApplied": 0,
            "Cost": 3.07,
            "DropShipMethodCode": "",
            "FreightCharge": 7.36,
            "InsuranceCharge": 0,
            "OrderHandlingCharge": 0,
            "OtherCharge": 0,
            "SaturdayCharge": 0,
            "TotalCharge": 7.36
          },
          {
            "BoxHandlingCharge": 0,
            "Code": "XM",
            "ContractFreightTypesApplied": 0,
            "Cost": 3.48,
            "DropShipMethodCode": "",
            "FreightCharge": 9.81,
            "InsuranceCharge": 0,
            "OrderHandlingCharge": 0,
            "OtherCharge": 0,
            "SaturdayCharge": 0,
            "TotalCharge": 9.81
          }
        ],
        "Weight": 0.265
      },
      {
        "OrderLineNumber": 6,
        "ProductCode": "2675286",
        "ShippingMethods": [
          {
            "BoxHandlingCharge": 0,
            "Code": "XC",
            "ContractFreightTypesApplied": 0,
            "Cost": 2.12,
            "DropShipMethodCode": "",
            "FreightCharge": 4.07,
            "InsuranceCharge": 0,
            "OrderHandlingCharge": 0,
            "OtherCharge": 0,
            "SaturdayCharge": 0,
            "TotalCharge": 4.07
          },
          {
            "BoxHandlingCharge": 0,
            "Code": "XK",
            "ContractFreightTypesApplied": 0,
            "Cost": 3.19,
            "DropShipMethodCode": "",
            "FreightCharge": 7.63,
            "InsuranceCharge": 0,
            "OrderHandlingCharge": 0,
            "OtherCharge": 0,
            "SaturdayCharge": 0,
            "TotalCharge": 7.63
          },
          {
            "BoxHandlingCharge": 0,
            "Code": "XM",
            "ContractFreightTypesApplied": 0,
            "Cost": 3.61,
            "DropShipMethodCode": "",
            "FreightCharge": 10.18,
            "InsuranceCharge": 0,
            "OrderHandlingCharge": 0,
            "OtherCharge": 0,
            "SaturdayCharge": 0,
            "TotalCharge": 10.18
          }
        ],
        "Weight": 0.275
      }
    ],
    "ShippingMethods": [
      {
        "BoxHandlingCharge": 0,
        "Code": "XC",
        "ContractFreightTypesApplied": 0,
        "Cost": 4.17,
        "Description": "2-5 business days",
        "EstimatedArrival": "n/a",
        "FreightCharge": 7.99,
        "InsuranceCharge": 0,
        "IsCustomerAccount": false,
        "Name": "CDW Xerox - FedEx Ground",
        "OrderHandlingCharge": 0,
        "OtherCharge": 0,
        "SaturdayCharge": 0,
        "SpecialCode": "XDR",
        "TotalCharge": 7.99,
        "TransitBusinessDays": "NA",
        "TotalWeight": 3,
        "WeightType": "A"
      },
      {
        "BoxHandlingCharge": 0,
        "Code": "XK",
        "ContractFreightTypesApplied": 0,
        "Cost": 6.26,
        "Description": "2 business days",
        "EstimatedArrival": "10/05/2017",
        "FreightCharge": 14.99,
        "InsuranceCharge": 0,
        "IsCustomerAccount": false,
        "Name": "CDW Xerox - FedEx 2 Day",
        "OrderHandlingCharge": 0,
        "OtherCharge": 0,
        "SaturdayCharge": 0,
        "SpecialCode": "XDR",
        "TotalCharge": 14.99,
        "TransitBusinessDays": "2",
        "TotalWeight": 4,
        "WeightType": "A"
      },
      {
        "BoxHandlingCharge": 0,
        "Code": "XM",
        "ContractFreightTypesApplied": 0,
        "Cost": 7.09,
        "Description": "Next business day afternoon",
        "EstimatedArrival": "10/04/2017",
        "FreightCharge": 19.99,
        "InsuranceCharge": 0,
        "IsCustomerAccount": false,
        "Name": "CDW Xerox - FedEx Standard Overnight",
        "OrderHandlingCharge": 0,
        "OtherCharge": 0,
        "SaturdayCharge": 0,
        "SpecialCode": "XDR",
        "TotalCharge": 19.99,
        "TransitBusinessDays": "1",
        "TotalWeight": 4,
        "WeightType": "A"
      }
    ]
  },
  "PackageCount": 1,
  "TransactionIdentifier": "82E35870-86B5-4190-AF2C-79B074DD4662"
}