﻿{
  "ErrorMessage": "",
  "Freight": {
    "Details": [
      {
        "OrderLineNumber": 1,
        "ProductCode": "3255417",
        "ShippingMethods": [
          {
            "BoxHandlingCharge": 0.0,
            "Code": "3L",
            "ContractFreightTypesApplied": 0,
            "Cost": 27.55,
            "DropShipMethodCode": "",
            "FreightCharge": 61.71,
            "InsuranceCharge": 22.76,
            "OrderHandlingCharge": 0.0,
            "OtherCharge": 3.75,
            "SaturdayCharge": 0.0,
            "TotalCharge": 88.22
          },
          {
            "BoxHandlingCharge": 0.0,
            "Code": "C1",
            "ContractFreightTypesApplied": 0,
            "Cost": 36.55,
            "DropShipMethodCode": "",
            "FreightCharge": 115.86,
            "InsuranceCharge": 22.76,
            "OrderHandlingCharge": 0.0,
            "OtherCharge": 3.75,
            "SaturdayCharge": 0.0,
            "TotalCharge": 142.37
          },
          {
            "BoxHandlingCharge": 0.0,
            "Code": "C2",
            "ContractFreightTypesApplied": 0,
            "Cost": 30.75,
            "DropShipMethodCode": "",
            "FreightCharge": 89.18,
            "InsuranceCharge": 22.76,
            "OrderHandlingCharge": 0.0,
            "OtherCharge": 3.75,
            "SaturdayCharge": 0.0,
            "TotalCharge": 115.69
          },
          {
            "BoxHandlingCharge": 0.0,
            "Code": "CH",
            "ContractFreightTypesApplied": 0,
            "Cost": 19.65,
            "DropShipMethodCode": "",
            "FreightCharge": 44.21,
            "InsuranceCharge": 22.76,
            "OrderHandlingCharge": 0.0,
            "OtherCharge": 3.75,
            "SaturdayCharge": 0.0,
            "TotalCharge": 70.72
          },
          {
            "BoxHandlingCharge": 0.0,
            "Code": "CR",
            "ContractFreightTypesApplied": 0,
            "Cost": 34.55,
            "DropShipMethodCode": "",
            "FreightCharge": 109.52,
            "InsuranceCharge": 22.76,
            "OrderHandlingCharge": 0.0,
            "OtherCharge": 3.75,
            "SaturdayCharge": 0.0,
            "TotalCharge": 136.03
          },
          {
            "BoxHandlingCharge": 0.0,
            "Code": "DO",
            "ContractFreightTypesApplied": 0,
            "Cost": 11.29,
            "DropShipMethodCode": "",
            "FreightCharge": 14.99,
            "InsuranceCharge": 0.0,
            "OrderHandlingCharge": 0.0,
            "OtherCharge": 0.0,
            "SaturdayCharge": 0.0,
            "TotalCharge": 14.99
          },
          {
            "BoxHandlingCharge": 3.0,
            "Code": "EM",
            "ContractFreightTypesApplied": 0,
            "Cost": 165.25,
            "DropShipMethodCode": "",
            "FreightCharge": 165.25,
            "InsuranceCharge": 63.73,
            "OrderHandlingCharge": 11.5,
            "OtherCharge": 0.0,
            "SaturdayCharge": 0.0,
            "TotalCharge": 243.48
          },
          {
            "BoxHandlingCharge": 0.0,
            "Code": "NM",
            "ContractFreightTypesApplied": 0,
            "Cost": 10.8,
            "DropShipMethodCode": "",
            "FreightCharge": 14.99,
            "InsuranceCharge": 0.0,
            "OrderHandlingCharge": 0.0,
            "OtherCharge": 0.0,
            "SaturdayCharge": 0.0,
            "TotalCharge": 14.99
          },
          {
            "BoxHandlingCharge": 3.0,
            "Code": "PM",
            "ContractFreightTypesApplied": 0,
            "Cost": 55.75,
            "DropShipMethodCode": "",
            "FreightCharge": 55.75,
            "InsuranceCharge": 63.73,
            "OrderHandlingCharge": 11.5,
            "OtherCharge": 0.0,
            "SaturdayCharge": 0.0,
            "TotalCharge": 133.98
          },
          {
            "BoxHandlingCharge": 0.0,
            "Code": "UD",
            "ContractFreightTypesApplied": 0,
            "Cost": 382.64,
            "DropShipMethodCode": "",
            "FreightCharge": 784.41,
            "InsuranceCharge": 22.76,
            "OrderHandlingCharge": 0.0,
            "OtherCharge": 0.0,
            "SaturdayCharge": 0.0,
            "TotalCharge": 807.17
          },
          {
            "BoxHandlingCharge": 0.0,
            "Code": "UE",
            "ContractFreightTypesApplied": 0,
            "Cost": 382.64,
            "DropShipMethodCode": "",
            "FreightCharge": 784.41,
            "InsuranceCharge": 22.76,
            "OrderHandlingCharge": 0.0,
            "OtherCharge": 25.0,
            "SaturdayCharge": 0.0,
            "TotalCharge": 832.17
          }
        ],
        "Weight": 39.3
      },
      {
        "OrderLineNumber": 2,
        "ProductCode": "3020456",
        "ShippingMethods": [
          {
            "BoxHandlingCharge": 0.0,
            "Code": "3L",
            "ContractFreightTypesApplied": 0,
            "Cost": 0.0,
            "DropShipMethodCode": "DT",
            "FreightCharge": 0.0,
            "InsuranceCharge": 0.0,
            "OrderHandlingCharge": 0.0,
            "OtherCharge": 0.0,
            "SaturdayCharge": 0.0,
            "TotalCharge": 0.0
          },
          {
            "BoxHandlingCharge": 0.0,
            "Code": "C1",
            "ContractFreightTypesApplied": 0,
            "Cost": 0.0,
            "DropShipMethodCode": "DT",
            "FreightCharge": 0.0,
            "InsuranceCharge": 0.0,
            "OrderHandlingCharge": 0.0,
            "OtherCharge": 0.0,
            "SaturdayCharge": 0.0,
            "TotalCharge": 0.0
          },
          {
            "BoxHandlingCharge": 0.0,
            "Code": "C2",
            "ContractFreightTypesApplied": 0,
            "Cost": 0.0,
            "DropShipMethodCode": "DT",
            "FreightCharge": 0.0,
            "InsuranceCharge": 0.0,
            "OrderHandlingCharge": 0.0,
            "OtherCharge": 0.0,
            "SaturdayCharge": 0.0,
            "TotalCharge": 0.0
          },
          {
            "BoxHandlingCharge": 0.0,
            "Code": "CH",
            "ContractFreightTypesApplied": 0,
            "Cost": 0.0,
            "DropShipMethodCode": "DT",
            "FreightCharge": 0.0,
            "InsuranceCharge": 0.0,
            "OrderHandlingCharge": 0.0,
            "OtherCharge": 0.0,
            "SaturdayCharge": 0.0,
            "TotalCharge": 0.0
          },
          {
            "BoxHandlingCharge": 0.0,
            "Code": "CR",
            "ContractFreightTypesApplied": 0,
            "Cost": 0.0,
            "DropShipMethodCode": "DT",
            "FreightCharge": 0.0,
            "InsuranceCharge": 0.0,
            "OrderHandlingCharge": 0.0,
            "OtherCharge": 0.0,
            "SaturdayCharge": 0.0,
            "TotalCharge": 0.0
          },
          {
            "BoxHandlingCharge": 0.0,
            "Code": "DO",
            "ContractFreightTypesApplied": 0,
            "Cost": 0.0,
            "DropShipMethodCode": "DT",
            "FreightCharge": 0.0,
            "InsuranceCharge": 0.0,
            "OrderHandlingCharge": 0.0,
            "OtherCharge": 0.0,
            "SaturdayCharge": 0.0,
            "TotalCharge": 0.0
          },
          {
            "BoxHandlingCharge": 0.0,
            "Code": "EM",
            "ContractFreightTypesApplied": 0,
            "Cost": 0.0,
            "DropShipMethodCode": "DT",
            "FreightCharge": 0.0,
            "InsuranceCharge": 0.0,
            "OrderHandlingCharge": 0.0,
            "OtherCharge": 0.0,
            "SaturdayCharge": 0.0,
            "TotalCharge": 0.0
          },
          {
            "BoxHandlingCharge": 0.0,
            "Code": "EX",
            "ContractFreightTypesApplied": 0,
            "Cost": 0.0,
            "DropShipMethodCode": "DT",
            "FreightCharge": 0.0,
            "InsuranceCharge": 0.0,
            "OrderHandlingCharge": 0.0,
            "OtherCharge": 0.0,
            "SaturdayCharge": 0.0,
            "TotalCharge": 0.0
          },
          {
            "BoxHandlingCharge": 0.0,
            "Code": "NM",
            "ContractFreightTypesApplied": 0,
            "Cost": 0.0,
            "DropShipMethodCode": "DT",
            "FreightCharge": 0.0,
            "InsuranceCharge": 0.0,
            "OrderHandlingCharge": 0.0,
            "OtherCharge": 0.0,
            "SaturdayCharge": 0.0,
            "TotalCharge": 0.0
          },
          {
            "BoxHandlingCharge": 0.0,
            "Code": "P1",
            "ContractFreightTypesApplied": 0,
            "Cost": 0.0,
            "DropShipMethodCode": "DT",
            "FreightCharge": 0.0,
            "InsuranceCharge": 0.0,
            "OrderHandlingCharge": 0.0,
            "OtherCharge": 0.0,
            "SaturdayCharge": 0.0,
            "TotalCharge": 0.0
          },
          {
            "BoxHandlingCharge": 0.0,
            "Code": "P2",
            "ContractFreightTypesApplied": 0,
            "Cost": 0.0,
            "DropShipMethodCode": "DT",
            "FreightCharge": 0.0,
            "InsuranceCharge": 0.0,
            "OrderHandlingCharge": 0.0,
            "OtherCharge": 0.0,
            "SaturdayCharge": 0.0,
            "TotalCharge": 0.0
          },
          {
            "BoxHandlingCharge": 0.0,
            "Code": "PG",
            "ContractFreightTypesApplied": 0,
            "Cost": 0.0,
            "DropShipMethodCode": "DT",
            "FreightCharge": 0.0,
            "InsuranceCharge": 0.0,
            "OrderHandlingCharge": 0.0,
            "OtherCharge": 0.0,
            "SaturdayCharge": 0.0,
            "TotalCharge": 0.0
          },
          {
            "BoxHandlingCharge": 0.0,
            "Code": "PL",
            "ContractFreightTypesApplied": 0,
            "Cost": 0.0,
            "DropShipMethodCode": "DT",
            "FreightCharge": 0.0,
            "InsuranceCharge": 0.0,
            "OrderHandlingCharge": 0.0,
            "OtherCharge": 0.0,
            "SaturdayCharge": 0.0,
            "TotalCharge": 0.0
          },
          {
            "BoxHandlingCharge": 0.0,
            "Code": "PM",
            "ContractFreightTypesApplied": 0,
            "Cost": 0.0,
            "DropShipMethodCode": "DT",
            "FreightCharge": 0.0,
            "InsuranceCharge": 0.0,
            "OrderHandlingCharge": 0.0,
            "OtherCharge": 0.0,
            "SaturdayCharge": 0.0,
            "TotalCharge": 0.0
          },
          {
            "BoxHandlingCharge": 0.0,
            "Code": "PR",
            "ContractFreightTypesApplied": 0,
            "Cost": 0.0,
            "DropShipMethodCode": "DT",
            "FreightCharge": 0.0,
            "InsuranceCharge": 0.0,
            "OrderHandlingCharge": 0.0,
            "OtherCharge": 0.0,
            "SaturdayCharge": 0.0,
            "TotalCharge": 0.0
          },
          {
            "BoxHandlingCharge": 0.0,
            "Code": "U1",
            "ContractFreightTypesApplied": 0,
            "Cost": 0.0,
            "DropShipMethodCode": "DT",
            "FreightCharge": 0.0,
            "InsuranceCharge": 0.0,
            "OrderHandlingCharge": 0.0,
            "OtherCharge": 0.0,
            "SaturdayCharge": 0.0,
            "TotalCharge": 0.0
          },
          {
            "BoxHandlingCharge": 0.0,
            "Code": "U2",
            "ContractFreightTypesApplied": 0,
            "Cost": 0.0,
            "DropShipMethodCode": "DT",
            "FreightCharge": 0.0,
            "InsuranceCharge": 0.0,
            "OrderHandlingCharge": 0.0,
            "OtherCharge": 0.0,
            "SaturdayCharge": 0.0,
            "TotalCharge": 0.0
          },
          {
            "BoxHandlingCharge": 0.0,
            "Code": "U3",
            "ContractFreightTypesApplied": 0,
            "Cost": 0.0,
            "DropShipMethodCode": "DT",
            "FreightCharge": 0.0,
            "InsuranceCharge": 0.0,
            "OrderHandlingCharge": 0.0,
            "OtherCharge": 0.0,
            "SaturdayCharge": 0.0,
            "TotalCharge": 0.0
          },
          {
            "BoxHandlingCharge": 0.0,
            "Code": "UD",
            "ContractFreightTypesApplied": 0,
            "Cost": 0.0,
            "DropShipMethodCode": "DT",
            "FreightCharge": 0.0,
            "InsuranceCharge": 0.0,
            "OrderHandlingCharge": 0.0,
            "OtherCharge": 0.0,
            "SaturdayCharge": 0.0,
            "TotalCharge": 0.0
          },
          {
            "BoxHandlingCharge": 0.0,
            "Code": "UE",
            "ContractFreightTypesApplied": 0,
            "Cost": 0.0,
            "DropShipMethodCode": "DT",
            "FreightCharge": 0.0,
            "InsuranceCharge": 0.0,
            "OrderHandlingCharge": 0.0,
            "OtherCharge": 0.0,
            "SaturdayCharge": 0.0,
            "TotalCharge": 0.0
          },
          {
            "BoxHandlingCharge": 0.0,
            "Code": "UG",
            "ContractFreightTypesApplied": 0,
            "Cost": 0.0,
            "DropShipMethodCode": "DT",
            "FreightCharge": 0.0,
            "InsuranceCharge": 0.0,
            "OrderHandlingCharge": 0.0,
            "OtherCharge": 0.0,
            "SaturdayCharge": 0.0,
            "TotalCharge": 0.0
          }
        ],
        "Weight": 2.3197
      },
      {
        "OrderLineNumber": 3,
        "ProductCode": "1706189",
        "ShippingMethods": [],
        "Weight": 0.0
      }
    ],
    "ShippingMethods": [
      {
        "BoxHandlingCharge": 0.0,
        "Code": "DO",
        "ContractFreightTypesApplied": 0,
        "Cost": 11.29,
        "Description": "Next business day by 10:30am",
        "EstimatedArrival": "n/a",
        "FreightCharge": 14.99,
        "InsuranceCharge": 0.0,
        "IsCustomerAccount": false,
        "Name": "Dynamex Messenger Overnite 10:30 am",
        "OrderHandlingCharge": 0.0,
        "OtherCharge": 0.0,
        "SaturdayCharge": 0.0,
        "SpecialCode": "OVS",
        "TotalCharge": 14.99,
        "TotalWeight": 0.0,
        "WeightType": "A"
      },
      {
        "BoxHandlingCharge": 0.0,
        "Code": "NM",
        "ContractFreightTypesApplied": 0,
        "Cost": 10.8,
        "Description": "Next business day",
        "EstimatedArrival": "n/a",
        "FreightCharge": 14.99,
        "InsuranceCharge": 0.0,
        "IsCustomerAccount": false,
        "Name": "Nite Moves Messenger",
        "OrderHandlingCharge": 0.0,
        "OtherCharge": 0.0,
        "SaturdayCharge": 0.0,
        "SpecialCode": "OVS",
        "TotalCharge": 14.99,
        "TotalWeight": 0.0,
        "WeightType": "A"
      },
      {
        "BoxHandlingCharge": 0.0,
        "Code": "CH",
        "ContractFreightTypesApplied": 0,
        "Cost": 19.65,
        "Description": "1-2 business days",
        "EstimatedArrival": "n/a",
        "FreightCharge": 44.21,
        "InsuranceCharge": 22.76,
        "IsCustomerAccount": false,
        "Name": "UPS Ground (1 - 2 day)",
        "OrderHandlingCharge": 0.0,
        "OtherCharge": 3.75,
        "SaturdayCharge": 0.0,
        "SpecialCode": "",
        "TotalCharge": 70.72,
        "TotalWeight": 0.0,
        "WeightType": "A"
      },
      {
        "BoxHandlingCharge": 0.0,
        "Code": "3L",
        "ContractFreightTypesApplied": 0,
        "Cost": 27.55,
        "Description": "3 business days",
        "EstimatedArrival": "06/23/2015",
        "FreightCharge": 61.71,
        "InsuranceCharge": 22.76,
        "IsCustomerAccount": false,
        "Name": "UPS 3 Day Select",
        "OrderHandlingCharge": 0.0,
        "OtherCharge": 3.75,
        "SaturdayCharge": 0.0,
        "SpecialCode": "",
        "TotalCharge": 88.22,
        "TotalWeight": 0.0,
        "WeightType": "A"
      },
      {
        "BoxHandlingCharge": 0.0,
        "Code": "C2",
        "ContractFreightTypesApplied": 0,
        "Cost": 30.75,
        "Description": "2 business days",
        "EstimatedArrival": "06/22/2015",
        "FreightCharge": 89.18,
        "InsuranceCharge": 22.76,
        "IsCustomerAccount": false,
        "Name": "UPS 2nd Day Air",
        "OrderHandlingCharge": 0.0,
        "OtherCharge": 3.75,
        "SaturdayCharge": 0.0,
        "SpecialCode": "",
        "TotalCharge": 115.69,
        "TotalWeight": 0.0,
        "WeightType": "A"
      },
      {
        "BoxHandlingCharge": 0.0,
        "Code": "CR",
        "ContractFreightTypesApplied": 0,
        "Cost": 34.55,
        "Description": "Next business day afternoon",
        "EstimatedArrival": "06/19/2015",
        "FreightCharge": 109.52,
        "InsuranceCharge": 22.76,
        "IsCustomerAccount": false,
        "Name": "UPS Next Day Air Saver",
        "OrderHandlingCharge": 0.0,
        "OtherCharge": 3.75,
        "SaturdayCharge": 0.0,
        "SpecialCode": "",
        "TotalCharge": 136.03,
        "TotalWeight": 0.0,
        "WeightType": "A"
      },
      {
        "BoxHandlingCharge": 0.0,
        "Code": "C1",
        "ContractFreightTypesApplied": 0,
        "Cost": 36.55,
        "Description": "Next business day by 10:30am",
        "EstimatedArrival": "06/19/2015",
        "FreightCharge": 115.86,
        "InsuranceCharge": 22.76,
        "IsCustomerAccount": false,
        "Name": "UPS Next Day 10:30, most areas",
        "OrderHandlingCharge": 0.0,
        "OtherCharge": 3.75,
        "SaturdayCharge": 0.0,
        "SpecialCode": "",
        "TotalCharge": 142.37,
        "TotalWeight": 0.0,
        "WeightType": "A"
      },
      {
        "BoxHandlingCharge": 0.0,
        "Code": "UD",
        "ContractFreightTypesApplied": 0,
        "Cost": 382.64,
        "Description": "3-5 business days",
        "EstimatedArrival": "n/a",
        "FreightCharge": 784.41,
        "InsuranceCharge": 22.76,
        "IsCustomerAccount": false,
        "Name": "UPS Freight LTL, Dock to Dock",
        "OrderHandlingCharge": 0.0,
        "OtherCharge": 0.0,
        "SaturdayCharge": 0.0,
        "SpecialCode": "",
        "TotalCharge": 807.17,
        "TotalWeight": 0.0,
        "WeightType": "A"
      },
      {
        "BoxHandlingCharge": 0.0,
        "Code": "UE",
        "ContractFreightTypesApplied": 0,
        "Cost": 382.64,
        "Description": "3-5 business days",
        "EstimatedArrival": "n/a",
        "FreightCharge": 784.41,
        "InsuranceCharge": 22.76,
        "IsCustomerAccount": false,
        "Name": "UPS Freight LTL, Special Services",
        "OrderHandlingCharge": 0.0,
        "OtherCharge": 25.0,
        "SaturdayCharge": 0.0,
        "SpecialCode": "",
        "TotalCharge": 832.17,
        "TotalWeight": 0.0,
        "WeightType": "A"
      },
      {
        "BoxHandlingCharge": 3.0,
        "Code": "PM",
        "ContractFreightTypesApplied": 0,
        "Cost": 55.75,
        "Description": "5-8 business days",
        "EstimatedArrival": "n/a",
        "FreightCharge": 55.75,
        "InsuranceCharge": 63.73,
        "IsCustomerAccount": false,
        "Name": "USPS Priority Mail",
        "OrderHandlingCharge": 11.5,
        "OtherCharge": 0.0,
        "SaturdayCharge": 0.0,
        "SpecialCode": "",
        "TotalCharge": 133.98,
        "TotalWeight": 0.0,
        "WeightType": "A"
      },
      {
        "BoxHandlingCharge": 3.0,
        "Code": "EM",
        "ContractFreightTypesApplied": 0,
        "Cost": 165.25,
        "Description": "2-3 business days",
        "EstimatedArrival": "n/a",
        "FreightCharge": 165.25,
        "InsuranceCharge": 63.73,
        "IsCustomerAccount": false,
        "Name": "USPS Priority Mail Express",
        "OrderHandlingCharge": 11.5,
        "OtherCharge": 0.0,
        "SaturdayCharge": 0.0,
        "SpecialCode": "",
        "TotalCharge": 243.48,
        "TotalWeight": 0.0,
        "WeightType": "A"
      },
      {
        "BoxHandlingCharge": 0.0,
        "Code": "EX",
        "ContractFreightTypesApplied": 0,
        "Cost": 0.0,
        "Description": "Next business day, your USPS account",
        "EstimatedArrival": "n/a",
        "FreightCharge": 0.0,
        "InsuranceCharge": 0.0,
        "IsCustomerAccount": true,
        "Name": "USPS Collect - Express Mail",
        "OrderHandlingCharge": 0.0,
        "OtherCharge": 0.0,
        "SaturdayCharge": 0.0,
        "SpecialCode": "",
        "TotalCharge": 0.0,
        "TotalWeight": 0.0,
        "WeightType": "A"
      },
      {
        "BoxHandlingCharge": 0.0,
        "Code": "P1",
        "ContractFreightTypesApplied": 0,
        "Cost": 0.0,
        "Description": "Next business day morning, your UPS account",
        "EstimatedArrival": "06/19/2015",
        "FreightCharge": 0.0,
        "InsuranceCharge": 0.0,
        "IsCustomerAccount": true,
        "Name": "UPS Next Day 10:30 - Cust Acct",
        "OrderHandlingCharge": 0.0,
        "OtherCharge": 0.0,
        "SaturdayCharge": 0.0,
        "SpecialCode": "",
        "TotalCharge": 0.0,
        "TotalWeight": 0.0,
        "WeightType": "A"
      },
      {
        "BoxHandlingCharge": 0.0,
        "Code": "P2",
        "ContractFreightTypesApplied": 0,
        "Cost": 0.0,
        "Description": "2 business days, your UPS account",
        "EstimatedArrival": "06/22/2015",
        "FreightCharge": 0.0,
        "InsuranceCharge": 0.0,
        "IsCustomerAccount": true,
        "Name": "UPS 2nd Day Air - Cust Acct",
        "OrderHandlingCharge": 0.0,
        "OtherCharge": 0.0,
        "SaturdayCharge": 0.0,
        "SpecialCode": "",
        "TotalCharge": 0.0,
        "TotalWeight": 0.0,
        "WeightType": "A"
      },
      {
        "BoxHandlingCharge": 0.0,
        "Code": "PG",
        "ContractFreightTypesApplied": 0,
        "Cost": 0.0,
        "Description": "2-5 business days, your UPS account",
        "EstimatedArrival": "n/a",
        "FreightCharge": 0.0,
        "InsuranceCharge": 0.0,
        "IsCustomerAccount": true,
        "Name": "UPS Ground - Cust Acct",
        "OrderHandlingCharge": 0.0,
        "OtherCharge": 0.0,
        "SaturdayCharge": 0.0,
        "SpecialCode": "",
        "TotalCharge": 0.0,
        "TotalWeight": 0.0,
        "WeightType": "A"
      },
      {
        "BoxHandlingCharge": 0.0,
        "Code": "PL",
        "ContractFreightTypesApplied": 0,
        "Cost": 0.0,
        "Description": "3 business days, your UPS account",
        "EstimatedArrival": "06/23/2015",
        "FreightCharge": 0.0,
        "InsuranceCharge": 0.0,
        "IsCustomerAccount": true,
        "Name": "UPS 3 Day Select - Cust Acct",
        "OrderHandlingCharge": 0.0,
        "OtherCharge": 0.0,
        "SaturdayCharge": 0.0,
        "SpecialCode": "",
        "TotalCharge": 0.0,
        "TotalWeight": 0.0,
        "WeightType": "A"
      },
      {
        "BoxHandlingCharge": 0.0,
        "Code": "PR",
        "ContractFreightTypesApplied": 0,
        "Cost": 0.0,
        "Description": "Next business day afternoon",
        "EstimatedArrival": "06/19/2015",
        "FreightCharge": 0.0,
        "InsuranceCharge": 0.0,
        "IsCustomerAccount": true,
        "Name": "UPS Next Day Air Saver - Cust Acct",
        "OrderHandlingCharge": 0.0,
        "OtherCharge": 0.0,
        "SaturdayCharge": 0.0,
        "SpecialCode": "",
        "TotalCharge": 0.0,
        "TotalWeight": 0.0,
        "WeightType": "A"
      },
      {
        "BoxHandlingCharge": 0.0,
        "Code": "U1",
        "ContractFreightTypesApplied": 0,
        "Cost": 0.0,
        "Description": "Next business day morning, your UPS account",
        "EstimatedArrival": "06/19/2015",
        "FreightCharge": 0.0,
        "InsuranceCharge": 0.0,
        "IsCustomerAccount": true,
        "Name": "UPS Next Day 10:30 - Consignee",
        "OrderHandlingCharge": 0.0,
        "OtherCharge": 0.0,
        "SaturdayCharge": 0.0,
        "SpecialCode": "",
        "TotalCharge": 0.0,
        "TotalWeight": 0.0,
        "WeightType": "A"
      },
      {
        "BoxHandlingCharge": 0.0,
        "Code": "U2",
        "ContractFreightTypesApplied": 0,
        "Cost": 0.0,
        "Description": "2 business days, your UPS account",
        "EstimatedArrival": "06/22/2015",
        "FreightCharge": 0.0,
        "InsuranceCharge": 0.0,
        "IsCustomerAccount": true,
        "Name": "UPS 2nd Day Air - Consignee Billing",
        "OrderHandlingCharge": 0.0,
        "OtherCharge": 0.0,
        "SaturdayCharge": 0.0,
        "SpecialCode": "",
        "TotalCharge": 0.0,
        "TotalWeight": 0.0,
        "WeightType": "A"
      },
      {
        "BoxHandlingCharge": 0.0,
        "Code": "U3",
        "ContractFreightTypesApplied": 0,
        "Cost": 0.0,
        "Description": "3 business days, your UPS account",
        "EstimatedArrival": "06/23/2015",
        "FreightCharge": 0.0,
        "InsuranceCharge": 0.0,
        "IsCustomerAccount": true,
        "Name": "UPS 3 Day Select -Consignee Billing",
        "OrderHandlingCharge": 0.0,
        "OtherCharge": 0.0,
        "SaturdayCharge": 0.0,
        "SpecialCode": "",
        "TotalCharge": 0.0,
        "TotalWeight": 0.0,
        "WeightType": "A"
      },
      {
        "BoxHandlingCharge": 0.0,
        "Code": "UG",
        "ContractFreightTypesApplied": 0,
        "Cost": 0.0,
        "Description": "2-5 business days, your UPS account",
        "EstimatedArrival": "n/a",
        "FreightCharge": 0.0,
        "InsuranceCharge": 0.0,
        "IsCustomerAccount": true,
        "Name": "UPS Ground - Consignee Billing",
        "OrderHandlingCharge": 0.0,
        "OtherCharge": 0.0,
        "SaturdayCharge": 0.0,
        "SpecialCode": "",
        "TotalCharge": 0.0,
        "TotalWeight": 0.0,
        "WeightType": "A"
      }
    ]
  },
  "PackageCount": 5,
  "TransactionIdentifier": ""
}