﻿{
  "PartnerConfigurationSettings": [
    {
      "ClientName": "Black Box",
      "ClientId": 20,
      "CompanyCode": 1000,
      "ProductCatalogSettings": {
        "ApplyCoupon": false,
        "SearchApiSettings": {
          "QueryUri": "b=BBG.BBR.BLA",
          "Catalog": 1
        },
        "PriceCompanyCode": "C",
        "ProductApiCompany": "01",
        "ShowWeight": false
      }
    },
    {
      "ClientName": "Toshiba",
      "ClientId": 18,
      "CompanyCode": 1000,
      "ProductCatalogSettings": {
        "ApplyCoupon": true,
        "CouponPromotionCodes": "17C020,17C036,17C038,17C039,17C040,17C041,17C042,17C043,17C048,17C049,17C050,17C051,17C052,17C053",
        "SearchApiSettings": {
          "QueryUri": "b=TOS.GZO",
          "Catalog": 0
        },
        "PriceCompanyCode": "C",
        "ProductApiCompany": "01",
        "ShowWeight": true
      }
    },
    {
      "ClientName": "Toshiba CA",
      "ClientId": 999,
      "CompanyCode": 1000,
      "ProductCatalogSettings": {
        "ApplyCoupon": false,
        "SearchApiSettings": {
          "QueryUri": "b=TOSCAN",
          "Catalog": 2
        },
        "PriceCompanyCode": "CA",
        "ProductApiCompany": "17",
        "ShowWeight": false
      }
    },
    {
      "ClientName": "Xerox Direct",
      "ClientId": 10,
      "CompanyCode": 1000,
      "ProductCatalogSettings": {
        "ProductApiCompany": "01",
        "SearchApiSettings": {
          "QueryUri": "b=XER",
          "Catalog": 2
        },
        "PriceCompanyCode": "C",
        "ShowWeight": true
      }
    },
    {
      "ClientName": "Xerox Canada",
      "ClientId": 12,
      "CompanyCode": 1012,
      "ProductCatalogSettings": {
        "ProductApiCompany": "17",
        "SearchApiSettings": {
          "QueryUri": "b=XER",
          "Catalog": 2
        },
        "PriceCompanyCode": "C",
        "ShowWeight": true
      }
    }
  ]
}