﻿{"_comments": "Do not update this file it is obsolete, use v2 ",
  "Partners": [
    {
      "Name": "Black Box",
      "ClientId": 20,
      "CompanyCode": 1000,
      "ApplyCoupon": false,
      "SearchApi": {
        "QueryUri": "b=BBG.BBR.BLA",
        "Catalog": 1
      },
      "PriceCompanyCode": "C",
      "ProductApiCompany": "01",
      "ShowWeight": false
    },
    {
      "Name": "Toshiba",
      "ClientId": 18,
      "CompanyCode": 1000,
      "ApplyCoupon": true,
      "CouponPromotionCodes": "17C020,17C036,17C038,17C039,17C040,17C041,17C042,17C043,17C048,17C049,17C050,17C051,17C052,17C053",
      "SearchApi": {
        "QueryUri": "b=TOS.GZO",
        "Catalog": 0
      },
      "PriceCompanyCode": "C",
      "ProductApiCompany": "01",
      "ShowWeight": true
    },
    {
      "Name": "Toshiba CA",
      "ClientId": 999,
      "CompanyCode": 1000,
      "ApplyCoupon": false,
      "SearchApi": {
        "QueryUri": "b=TOSCAN",
        "Catalog": 2
      },
      "PriceCompanyCode": "CA",
      "ProductApiCompany": "17",
      "ShowWeight": false
    },
    {
      "Name": "Xerox Direct",
      "ClientId": 10,
      "CompanyCode": 1000,
      "ProductApiCompany": "01",
      "SearchApi": {
        "QueryUri": "b=XER",
        "Catalog": 2
      },
      "PriceCompanyCode": "C",
      "ShowWeight": true
    },
    {
      "Name": "Xerox Canada",
      "ClientId": 12,
      "CompanyCode": 1012,
      "ProductApiCompany": "17",
      "SearchApi": {
        "QueryUri": "b=XER",
        "Catalog": 2
      },
      "PriceCompanyCode": "C",
      "ShowWeight": true
    }
  ]
}