﻿{
  "Company": 1012,
  "Freight": "",
  "Handling": "",
  "Insurance": "",
  "Address": {
    "Firstname": "John",
    "Lastname": "Deane",
    "Company": "CDW People Who Get IT",
    "StreetAddress": "8309, ch Royden",
    "SecondaryStreetAddress": "Canterbury",
    "City": "Mont-Royal",
    "State": "QC",
    "PostalCode": "H4P2J8",
    "IsoCountryCode": "CA"
  },
  "LineItems": [
    {
      "ProductCode": "",
      "Quantity": 10,
      "UnitPrice": "42.67"
    }
  ]
}