﻿{
  "Company": 1012,
  "Freight": "",
  "Handling": "",
  "Insurance": "",
  "Address": {
    "Firstname": "John",
    "Lastname": "Deane",
    "Company": "CDW People Who Get IT",
    "StreetAddress": "25 Guy Street",
    "SecondaryStreetAddress": "Canterbury",
    "City": "St. John's",
    "State": "NL",
    "PostalCode": "A1B1P7",
    "IsoCountryCode": "CA"
  },
  "Discounts": [
    {
      "Id": "FIXEDDISC",
      "Amount": 50,
      "Type": 1001
    }
  ],
  "LineItems": [
    {
      "ProductCode": "3211943",
      "Quantity": 5,
      "UnitPrice": "9.99"
    }
  ]
}