﻿{
  "Headers": [
    {
      "Amount": 0.0,
      "Description": "GST Handling Tax",
      "Id": "HANDLING_GST",
      "Rate": 5.0,
      "TaxTypeKey": "82D2BC2A96294A4380A774C53F7D1F8C"
    },
    {
      "Amount": 0.0,
      "Description": "QST Handling Tax",
      "Id": "HANDLING_QST",
      "Rate": 9.97,
      "TaxTypeKey": "53B16143D6ED412E8C9F821AC13CF0CD"
    },
    {
      "Amount": 0.0,
      "Description": "GST Shipping Tax",
      "Id": "FREIGHT_GST",
      "Rate": 5.0,
      "TaxTypeKey": "17E8CB68674C4825A3DB5AB3433D9592"
    },
    {
      "Amount": 0.0,
      "Description": "QST Shipping Tax",
      "Id": "FREIGHT_QST",
      "Rate": 9.97,
      "TaxTypeKey": "5624E6AA3C52408893A4B8B4BC8F3553"
    },
    {
      "Amount": 0.0,
      "Description": "GST Insurance Tax",
      "Id": "INSURANCE_GST",
      "Rate": 5.0,
      "TaxTypeKey": "C94F9BEC866D41188DEB01F478204AC9"
    },
    {
      "Amount": 0.0,
      "Description": "QST Insurance Tax",
      "Id": "INSURANCE_QST",
      "Rate": 9.97,
      "TaxTypeKey": "4AB591BB4C9A4E3FB8480C461B99D574"
    },
    {
      "Amount": -0.43,
      "Description": "GST Tax",
      "Id": "GST",
      "Rate": 5.0,
      "TaxTypeKey": "CB7CC86071674B76AB0517B9CFC7D490"
    },
    {
      "Amount": -0.86,
      "Description": "QST Tax",
      "Id": "QST",
      "Rate": 9.97,
      "TaxTypeKey": "F5FC5FD68B39442491FB85259AA3D85E"
    }
  ],
  "LineItems": [
    {
      "Amount": 18.99,
      "Description": "GST Tax",
      "Id": "GST",
      "LineNumber": "0",
      "ProductCode": "3984949",
      "Rate": 5.0,
      "TaxTypeKey": "CB7CC86071674B76AB0517B9CFC7D490"
    },
    {
      "Amount": 37.9,
      "Description": "QST Tax",
      "Id": "QST",
      "LineNumber": "0",
      "ProductCode": "3984949",
      "Rate": 9.97,
      "TaxTypeKey": "F5FC5FD68B39442491FB85259AA3D85E"
    },
    {
      "Amount": 2.5,
      "Description": "GST Tax",
      "Id": "GST",
      "LineNumber": "1",
      "ProductCode": "3211943",
      "Rate": 5.0,
      "TaxTypeKey": "CB7CC86071674B76AB0517B9CFC7D490"
    },
    {
      "Amount": 4.98,
      "Description": "QST Tax",
      "Id": "QST",
      "LineNumber": "1",
      "ProductCode": "3211943",
      "Rate": 9.97,
      "TaxTypeKey": "F5FC5FD68B39442491FB85259AA3D85E"
    }
  ]
}