﻿{
  "Account": {
    "CustomerNumber": null,
    "EAccount": null,
    "EmailAddress": "test@cdw.com"
  },
  "Address": {
    "FirstName": "Test",
    "LastName": "Monitor",
    "PhoneNumber": null,
    "Company": "Test Monitor",
    "StreetAddress": "255 5th Ave SW",
    "SecondaryStreetAddress": "",
    "City": "Calgary",
    "State": "AB",
    "PostalCode": "T2P3G6",
    "IsoCountryCode": "CA"
  },
  "Company": 1012,
  "Discounts": [
    {
      "Amount": 20,
      "Type": 1001,
      "Id": 1
    }
  ],
  "Freight": 0,
  "Handling": 0,
  "Insurance": 0,
  "LineItems": [
    {
      "ProductCode": "3984949",
      "Quantity": 10,
      "UnitPrice": "37.99"
    }

  ]
}