﻿{
  "Company": 1012,
  "Freight": "",
  "Handling": "",
  "Insurance": "",
  "Address": {
    "PostalCode": "H4P2J8",
    "IsoCountryCode": "CA"
  },
  "Discounts": [
    {
      "Id": "5PERCOFF",
      "Amount": 2,
      "Type": 1001
    }
  ],
  "LineItems": [
    {
      "ProductCode": "3984949",
      "Quantity": 10,
      "UnitPrice": "37.99"
    },
    {
      "ProductCode": "3211943",
      "Quantity": 5,
      "UnitPrice": "9.99"
    },
    {
      "ProductCode": "3197522",
      "Quantity": 8,
      "UnitPrice": "44.99"
    },
    {
      "ProductCode": "4119801",
      "Quantity": 7,
      "UnitPrice": "223.99"
    },
    {
      "ProductCode": "2583242",
      "Quantity": 17,
      "UnitPrice": "129.99"
    }
  ]
}