﻿{
  "Headers": [
    {
      "Amount": 0.0,
      "Description": "HST Handling Tax",
      "Id": "HANDLING_HST",
      "Rate": 15.0,
      "TaxTypeKey": "F2A99F668E0947888ED49CF27569FABE"
    },
    {
      "Amount": 0.0,
      "Description": "HST Shipping Tax",
      "Id": "FREIGHT_HST",
      "Rate": 15.0,
      "TaxTypeKey": "9714EDBA75124C7FA817F0DDCB5D9260"
    },
    {
      "Amount": 0.0,
      "Description": "HST Insurance Tax",
      "Id": "INSURANCE_HST",
      "Rate": 5.0,
      "TaxTypeKey": "DA3708431845451DA42A0566971670D3"
    },
    {
      "Amount": -7.49,
      "Description": "HST Tax",
      "Id": "HST",
      "Rate": 15.0,
      "TaxTypeKey": "5B160EA3B986470DBC61469F83769D1C"
    }
  ],
  "LineItems": [
    {
      "Amount": 7.49,
      "Description": "HST Tax",
      "Id": "HST",
      "LineNumber": "0",
      "ProductCode": "3211943",
      "Rate": 15.0,
      "TaxTypeKey": "5B160EA3B986470DBC61469F83769D1C"
    }
  ]
}