﻿{
  "Headers": [
    {
      "Amount": 0.0,
      "Description": "GST Handling Tax",
      "Id": "HANDLING_GST",
      "Rate": 5.0,
      "TaxTypeKey": "82D2BC2A96294A4380A774C53F7D1F8C"
    },
    {
      "Amount": 0.0,
      "Description": "GST Shipping Tax",
      "Id": "FREIGHT_GST",
      "Rate": 5.0,
      "TaxTypeKey": "17E8CB68674C4825A3DB5AB3433D9592"
    },
    {
      "Amount": 0.0,
      "Description": "GST Insurance Tax",
      "Id": "INSURANCE_GST",
      "Rate": 5.0,
      "TaxTypeKey": "C94F9BEC866D41188DEB01F478204AC9"
    },
    {
      "Amount": -3.8,
      "Description": "GST Tax",
      "Id": "GST",
      "Rate": 5.0,
      "TaxTypeKey": "CB7CC86071674B76AB0517B9CFC7D490"
    }
  ],
  "LineItems": [
    {
      "Amount": 19.0,
      "Description": "GST Tax",
      "Id": "GST",
      "LineNumber": "0",
      "ProductCode": "3984949",
      "Rate": 5.0,
      "TaxTypeKey": "CB7CC86071674B76AB0517B9CFC7D490"
    }
  ]
}