﻿{
  "Company": 1012,
  "Freight": "",
  "Handling": "",
  "Insurance": "",
  "Address": {
    "Firstname": "John",
    "Lastname": "Deane",
    "Company": "CDW People Who Get IT",
    "StreetAddress": "541 Seymour St",
    "SecondaryStreetAddress": "Canterbury",
    "City": "vancouver ",
    "State": "BC",
    "PostalCode": "V6B3H6",
    "IsoCountryCode": "CA"
  },
  "Discounts": [
    {
      "Id": "OrderLevelDiscount1",
      "Amount": 25,
      "Type": 1001
    }
  ],
  "LineItems": [
    {
      "ProductCode": "3211943",
      "Quantity": 5,
      "UnitPrice": "9.99"
    }
  ]
}