﻿{
  "Company": 1012,
  "Freight": "",
  "Handling": "",
  "Insurance": "",
  "Address": {
    "Firstname": "John",
    "Lastname": "Deane",
    "Company": "CDW People Who Get IT",
    "StreetAddress": "5003 49 Street",
    "SecondaryStreetAddress": "Cambridge Bay",
    "City": "Yellowknife",
    "State": "NT",
    "PostalCode": "X1A2L9",
    "IsoCountryCode": "CA"
  },
  "Discounts": [
    {
      "Id": "DISCINVALIDTYPE",
      "Amount": 10,
      "Type": 1002
    }
  ],
  "LineItems": [
    {
      "ProductCode": "3211943",
      "Quantity": 5,
      "UnitPrice": "9.99"
    }
  ]
}