﻿{
  "Company": 1012,
  "Freight": "",
  "Handling": "",
  "Insurance": "",
  "Address": {
    "Firstname": "John",
    "Lastname": "Deane",
    "Company": "CDWPeopleWhoGetIT",
    "StreetAddress": "41 Adelie Lane",
    "SecondaryStreetAddress": "Moncton",
    "City": "Moncton",
    "State": "NB ",
    "PostalCode": "E1A0N4",
    "IsoCountryCode": "CA"
  },
  "Discounts": [
    {
      "Id": "FIXEDDISC",
      "Amount": 60,
      "Type": 1000
    }
  ],
  "LineItems": [
    {
      "ProductCode": "3984949",
      "Quantity": 10,
      "UnitPrice": "37.99",
      "Discounts": [
        {
          "Id": "5PERCOFF",
          "Amount": 5,
          "Type": 1003
        }
      ]
    },
    {
      "ProductCode": "3211943",
      "Quantity": 5,
      "UnitPrice": "9.99",
      "Discounts": [
        {
          "Id": "5PERCOFF",
          "Amount": 5,
          "Type": 1003
        }
      ]
    },
    {
      "ProductCode": "3197522",
      "Quantity": 8,
      "UnitPrice": "44.99",
      "Discounts": [
        {
          "Id": "5PERCOFF",
          "Amount": 5,
          "Type": 1003
        }
      ]
    },
    {
      "ProductCode": "4119801",
      "Quantity": 7,
      "UnitPrice": "223.99",
      "Discounts": [
        {
          "Id": "5PERCOFF",
          "Amount": 5,
          "Type": 1003
        }
      ]
    },
    {
      "ProductCode": "2583242",
      "Quantity": 17,
      "UnitPrice": "129.99",
      "Discounts": [
        {
          "Id": "5PERCOFF",
          "Amount": 5,
          "Type": 1003
        }
      ]
    }
  ]
}