﻿{
  "Headers": [
    {
      "Amount": 0.0,
      "Description": "GST Handling Tax",
      "Id": "HANDLING_GST",
      "Rate": 5.0,
      "TaxTypeKey": "82D2BC2A96294A4380A774C53F7D1F8C"
    },
    {
      "Amount": 0.0,
      "Description": "PST Handling Tax",
      "Id": "HANDLING_PST",
      "Rate": 8.0,
      "TaxTypeKey": "AC9B5D88BB0E4D058AF6FEB7E9A00107"
    },
    {
      "Amount": 0.0,
      "Description": "GST Shipping Tax",
      "Id": "FREIGHT_GST",
      "Rate": 5.0,
      "TaxTypeKey": "17E8CB68674C4825A3DB5AB3433D9592"
    },
    {
      "Amount": 0.0,
      "Description": "PST Shipping Tax",
      "Id": "FREIGHT_PST",
      "Rate": 8.0,
      "TaxTypeKey": "03C940FCD89C4505ADFF836BA0567D10"
    },
    {
      "Amount": 0.0,
      "Description": "GST Insurance Tax",
      "Id": "INSURANCE_GST",
      "Rate": 5.0,
      "TaxTypeKey": "C94F9BEC866D41188DEB01F478204AC9"
    },
    {
      "Amount": 0.0,
      "Description": "PST Insurance Tax",
      "Id": "INSURANCE_PST",
      "Rate": 8.0,
      "TaxTypeKey": "8E856B01A0264FF6BDE05AF56A117F39"
    },
    {
      "Amount": -120.0,
      "Description": "GST Tax",
      "Id": "GST",
      "Rate": 5.0,
      "TaxTypeKey": "CB7CC86071674B76AB0517B9CFC7D490"
    },
    {
      "Amount": -192.0,
      "Description": "PST Tax",
      "Id": "PST",
      "Rate": 8.0,
      "TaxTypeKey": "E1915A41C4D546C190D05D2E3D53A9AA"
    }
  ],
  "LineItems": [
    {
      "Amount": 500.0,
      "Description": "GST Tax",
      "Id": "GST",
      "LineNumber": "1",
      "ProductCode": "2854700",
      "Rate": 5.0,
      "TaxTypeKey": "CB7CC86071674B76AB0517B9CFC7D490"
    },
    {
      "Amount": 800.0,
      "Description": "PST Tax",
      "Id": "PST",
      "LineNumber": "1",
      "ProductCode": "2854700",
      "Rate": 8.0,
      "TaxTypeKey": "E1915A41C4D546C190D05D2E3D53A9AA"
    },
    {
      "Amount": 100.0,
      "Description": "GST Tax",
      "Id": "GST",
      "LineNumber": "2",
      "ProductCode": "2854700",
      "Rate": 5.0,
      "TaxTypeKey": "CB7CC86071674B76AB0517B9CFC7D490"
    },
    {
      "Amount": 160.0,
      "Description": "PST Tax",
      "Id": "PST",
      "LineNumber": "2",
      "ProductCode": "2854700",
      "Rate": 8.0,
      "TaxTypeKey": "E1915A41C4D546C190D05D2E3D53A9AA"
    }
  ]
}