﻿{
	"Account": {
		"CustomerNumber": null,
		"EAccount": null,
		"EmailAddress": "test@cdw.com"
	},
	"Address": {
		"FirstName": "Test",
		"LastName": "Monitor",
		"PhoneNumber": null,
		"Company": "Test Monitor",
		"StreetAddress": "Kestral Ln",
		"SecondaryStreetAddress": "",
		"City": "Saint Joseph",
		"State": "MB",
		"PostalCode": "R3C0P8",
		"IsoCountryCode": "CA"
	},
	"Company": 1012,
	"Discounts": [{
		"Amount": 20,
		"Type": 1001,
		"Id": 1
	}],
	"Freight": 0.00,
	"Handling": 0.00,
	"Insurance": 0.00,
	"LineItems": [{
		"LineNumber": 1,
		"ProductCode": "2854700",
		"Quantity": 1,
		"UnitPrice": 10000
	}],
	"ProductFees": [{
		"LineNumber": 1,
		"FeeProductCode": "2764824",
		"Quantity": 1,
		"FeeUnitPrice": 2000,
		"ProductCode": "2854700"
	}]
}