﻿{
    "Company": 1000,
    "Freight": 10,
    "Handling": 8.01,
    "Insurance": 2.35,
    "Address": {
        "Firstname": "Tina",
        "Lastname": "Sims",
        "Company": "",
        "StreetAddress": "53151 N. Main Street.",
        "SecondaryStreetAddress": "",
        "City": "Mattawan",
        "State": "MI",
        "PostalCode": "49071",
        "IsoCountryCode": "US"
    },
    "Discounts": [
        {
            "Id": "DISCNEG",
            "Amount": -10,
            "Type": 1001
        }
    ],
    "LineItems": [
        {
            "ProductCode": "1786227",
            "Quantity": 10,
            "UnitPrice": "299.99"
        }
    ]
}