﻿{
    "Company": 1000,
    "Freight": "",
    "Handling": "",
    "Insurance": "",
    "Address": {
        "Firstname": "John",
        "Lastname": "Deane",
        "Company": "CDW People Who Get IT",
        "StreetAddress": "200 N Milwaukee Rd",
        "SecondaryStreetAddress": "Canterbury",
        "City": "Vernon Hills",
        "State": "IL",
        "PostalCode": "60061",
        "IsoCountryCode": "US"
    },
    "Discounts": [
        {
            "Id": "5PERCOFF",
            "Amount": 2,
            "Type": 1001
        }
    ],
    "LineItems": [
        {
            "ProductCode": "2222992",
            "Quantity": 10,
            "UnitPrice": "42.67"
        },
        {
            "ProductCode": "2311998",
            "Quantity": 5,
            "UnitPrice": "42.67"
        },
        {
            "ProductCode": "2777791",
            "Quantity": 8,
            "UnitPrice": "16.49"
        },
        {
            "ProductCode": "2528679",
            "Quantity": 7,
            "UnitPrice": "19.39"
        },
        {
            "ProductCode": "1754963",
            "Quantity": 17,
            "UnitPrice": "135.79"
        }
    ]
}