﻿{
  "Account": {
    "CustomerNumber": null,
    "EAccount": null,
    "EmailAddress": "test@cdw.com"
  },
  "Address": {
    "FirstName": "Test",
    "LastName": "Monitor",
    "PhoneNumber": null,
    "Company": "Test Monitor",
    "StreetAddress": "Kestral Ln",
    "SecondaryStreetAddress": "",
    "City": "Saint Joseph",
    "State": "IL",
    "PostalCode": "60060",
    "IsoCountryCode": "US"
  },
  "Company": 1000,
  "Discounts": [
    {
      "Amount": 20,
      "Type": 1001,
      "Id": 1
    }
  ],
  "Freight": 0.00,
  "Handling": 0.00,
  "Insurance": 0.00,
  "LineItems": [
    {
      "CustomProperties": [],
      "Discounts": [],
      "UnitPrice": 42.67,
      "Quantity": 10,
      "ProductCode": "2222992",
      "LineNumber": "99999"
    },
    {
      "CustomProperties": [],
      "Discounts": [],
      "UnitPrice": 163.99,
      "Quantity": 1,
      "ProductCode": "4693739",
      "LineNumber": "90000"
    },
    {
      "CustomProperties": [],
      "Discounts": [],
      "UnitPrice": 651.99,
      "Quantity": 1,
      "ProductCode": "3938627",
      "LineNumber": "99989"
    },
    {
      "CustomProperties": [],
      "Discounts": [],
      "UnitPrice": 24.99,
      "Quantity": 1,
      "ProductCode": "3762296",
      "LineNumber": "99979"
    },
    {
      "CustomProperties": [],
      "Discounts": [],
      "UnitPrice": 23.99,
      "Quantity": 1,
      "ProductCode": "2831337",
      "LineNumber": "99969"
    },
    {
      "CustomProperties": [],
      "Discounts": [],
      "UnitPrice": 15.99,
      "Quantity": 1,
      "ProductCode": "3203815",
      "LineNumber": "99959"
    },
    {
      "CustomProperties": [],
      "Discounts": [],
      "UnitPrice": 3884.99,
      "Quantity": 1,
      "ProductCode": "3514021",
      "LineNumber": "99949"
    },
    {
      "CustomProperties": [],
      "Discounts": [],
      "UnitPrice": 91.99,
      "Quantity": 1,
      "ProductCode": "2992568",
      "LineNumber": "99939"
    },
    {
      "CustomProperties": [],
      "Discounts": [],
      "UnitPrice": 10.99,
      "Quantity": 1,
      "ProductCode": "1269577",
      "LineNumber": "99929"
    },
    {
      "CustomProperties": [],
      "Discounts": [],
      "UnitPrice": 108.99,
      "Quantity": 10,
      "ProductCode": "3685521",
      "LineNumber": "9111"
    }
  ],
  "ProductFees": [
    {
      "FeeUnitPrice": 4,
      "Quantity": 10,
      "ProductCode": "2222992",
      "LineNumber": "22",
      "FeeProductCode": "654810"
    },
    {
      "FeeUnitPrice": 4,
      "Quantity": 10,
      "ProductCode": "2222992",
      "LineNumber": "26",
      "FeeProductCode": "654810"
    }

  ]
}