﻿{
    "Account": null,
    "Address": {
        "City": "Vernon Hills",
        "Company": "CDW People Who Get IT",

        "IsoCountryCode": "US",
        "PostalCode": "60061",
        "SecondaryStreetAddress": "Canterbury",
        "State": "IL",
        "StreetAddress": "200 N Milwaukee Rd"
    },
    "Company": 1000,
    "Discounts": [
        {
            "Amount": 20,
            "Type": 1001,
            "Id": "FIXEDDISC"
        }
    ],
    "Freight": 0,
    "Handling": 0,
    "Insurance": 0,
    "LineItems": [
        {
            "CustomProperties": [],
            "Discounts": [],
            "UnitPrice": 42.67,
            "Quantity": 10,
            "ProductCode": "2222992",
            "LineNumber":"99999"
        },
        {
            "CustomProperties": [],
            "Discounts": [],
            "UnitPrice": 42.67,
            "Quantity": 10,
            "ProductCode": "2222992",
            "LineNumber":"9111"
        }
    ],
    "ProductFees": [
        {
            "FeeUnitPrice": 4,
            "Quantity": 10,
            "ProductCode": "2222992",
            "LineNumber":"22",
            "FeeProductCode": "654810"
        },
         {
            "FeeUnitPrice": 4,
            "Quantity": 10,
            "ProductCode": "2222992",
            "LineNumber":"26",
            "FeeProductCode": "654810"
        }
      ]
}