﻿{
  "Company": 1000,
  "Freight": "",
  "Handling": "",
  "Insurance": "",
  "Address": {
    "Firstname": "John",
    "Lastname": "Deane",
    "Company": "CDW People Who Get IT",
    "StreetAddress": "200 N Milwaukee Rd",
    "SecondaryStreetAddress": "Canterbury",
    "City": "Vernon Hills",
    "State": "IL",
    "PostalCode": "60061",
    "IsoCountryCode": "US"
  },
  "Discounts": [
    {
      "Id": "ANYTHING",
      "Amount": "20.00",
      "Type": 1001
    }
  ],
  "LineItems": [
    {
      "LineNumber": 1,
      "ProductCode": "2222992",
      "Quantity": 1,
      "UnitPrice": "200"
    }
  ]
}