﻿{
  "Account": {
    "CustomerNumber": null,
    "EAccount": null,
    "EmailAddress": "test@cdw.com"
  },
  "Address": {
    "FirstName": "Test",
    "LastName": "Monitor",
    "PhoneNumber": null,
    "Company": "Test Monitor",
    "StreetAddress": "Kestral Ln",
    "SecondaryStreetAddress": "",
    "City": "Saint Joseph",
    "State": "IL",
    "PostalCode": "60060",
    "IsoCountryCode": "US"
  },
  "Company": 3000,
  "Discounts": [
    {
      "Amount": 20,
      "Type": 1001,
      "Id": 1
    }
  ],
  "Freight": 0.00,
  "Handling": 0.00,
  "Insurance": 0.00,
  "LineItems": [
    {
      "CustomProperties": [],
      "Discounts": [],
      "UnitPrice": 42.67,
      "Quantity": 10,
      "ProductCode": "2222992",
      "LineNumber": "99999"
    },
    {
      "CustomProperties": [],
      "Discounts": [],
      "UnitPrice": 163.99,
      "Quantity": 1,
      "ProductCode": "4693739",
      "LineNumber": "90000"
    }

  ],
  "ProductFees": [
    {
      "FeeUnitPrice": 4,
      "Quantity": 10,
      "ProductCode": "2222992",
      "LineNumber": "22",
      "FeeProductCode": "654810"
    },
    {
      "FeeUnitPrice": 4,
      "Quantity": 10,
      "ProductCode": "4693739",
      "LineNumber": "26",
      "FeeProductCode": "654810"
    }

  ]
}