﻿{
  "Account": {
    "CustomerNumber": null,
    "EAccount": null,
    "EmailAddress": "test@cdw.com"
  },
  "Address": {
    "FirstName": "Test",
    "LastName": "Monitor",
    "PhoneNumber": null,
    "Company": "Test Monitor",
    "StreetAddress": "Kestral Ln",
    "SecondaryStreetAddress": "",
    "City": "Saint Joseph",
    "State": "MI",
    "PostalCode": "49071-8515",
    "IsoCountryCode": "US"
  },
  "Company": 1000,
  "Discounts": [
    {
      "Amount": 20,
      "Type": 1001,
      "Id": 1
    }
  ],
  "Freight": 0.00,
  "Handling": 0.00,
  "Insurance": 0.00,
  "LineItems": [
    {
      "CustomProperties": [],
      "Discounts": [],
      "UnitPrice": 1556.99,
      "Quantity": 5,
      "ProductCode": "3992662",
      "LineNumber": "99999"
    },
    {
      "CustomProperties": [],
      "Discounts": [],
      "UnitPrice": 1556.99,
      "Quantity": 1,
      "ProductCode": "4168571",
      "LineNumber": "99990"
    }

  ],
  "ProductFees": [
    {
      "FeeUnitPrice": 4,
      "Quantity": 10,
      "ProductCode": "3992662",
      "LineNumber": "22",
      "FeeProductCode": "654810"
    }

  ]
}