﻿{
  "Company": 1000,
  "Freight": "",
  "Handling": "",
  "Insurance": "",
  "Address": {
    "Firstname": "John",
    "Lastname": "Deane",
    "Company": "CDW People Who Get IT",
    "StreetAddress": "200 N Milwaukee Rd",
    "SecondaryStreetAddress": "Canterbury",
    "City": "Vernon Hills",
    "State": "IL",
    "PostalCode": "60061",
    "IsoCountryCode": "US"
  },
  "LineItems": [
    {
      "ProductCode": "",
      "Quantity": 10,
      "UnitPrice": "42.67"
    }
  ]
}