{
	"variables": [],
	"info": {
		"name": "CDW Partners API",
		"_postman_id": "61ec10dd-23bc-ccd6-0672-02ea11dfac72",
		"description": "",
		"schema": "https://schema.getpostman.com/json/collection/v2.0.0/collection.json"
	},
	"item": [
		{
			"name": "Orders",
			"description": "Folder for Orders",
			"item": [
				{
					"name": "Used to probe the health the the Orders endpoint",
					"request": {
						"method": "GET",
						"header": [
							{
								"key": "Accept",
								"value": "application/json, text/json, application/xml, text/xml"
							}
						],
						"body": {},
						"url": "https://localhost:54896/Orders/healthcheck",
						"description": "test description"
					},
					"response": []
				},
				{
					"name": "Gets an order by partner�s reference number.\r\n             An alias is provided for looking up using a partner�s reference number instead of a CDW order number.",
					"request": {
						"method": "GET",
						"header": [
							{
								"key": "Accept",
								"value": "application/json, text/json, application/xml, text/xml"
							}
						],
						"body": {},
						"url": {
							"raw": "https://localhost:54896/Orders/:orderNumber",
							"protocol": "https",
							"host": [
								"localhost"
							],
							"port": "54896",
							"path": [
								"Orders",
								":orderNumber"
							],
							"variable": [
								{
									"value": "{{orderNumber}}",
									"id": "orderNumber"
								}
							]
						},
						"description": "Only orders submitted by the authenticated partner can be retrieved."
					},
					"response": []
				},
				{
					"name": "Used to submit the order to CDW",
					"request": {
						"method": "POST",
						"header": [
							{
								"key": "Accept",
								"value": "application/json, text/json, application/xml, text/xml"
							},
							{
								"key": "Content-Type",
								"value": "application/json"
							}
						],
						"body": {
							"mode": "raw",
							"raw": ""
						},
						"url": {
							"raw": "https://localhost:54896/Orders?uploadKey={{uploadKey}}",
							"protocol": "https",
							"host": [
								"localhost"
							],
							"port": "54896",
							"path": [
								"Orders"
							],
							"query": [
								{
									"key": "uploadKey",
									"value": "{{uploadKey}}"
								}
							]
						},
						"description": ""
					},
					"response": []
				},
				{
					"name": "Used to get the order details for the given customer and purchase order number",
					"request": {
						"method": "GET",
						"header": [
							{
								"key": "Accept",
								"value": "application/json, text/json, application/xml, text/xml"
							}
						],
						"body": {},
						"url": {
							"raw": "https://localhost:54896/Orders/Search/:customerNumber/:poNumber",
							"protocol": "https",
							"host": [
								"localhost"
							],
							"port": "54896",
							"path": [
								"Orders",
								"Search",
								":customerNumber",
								":poNumber"
							],
							"variable": [
								{
									"value": "{{customerNumber}}",
									"id": "customerNumber"
								},
								{
									"value": "{{poNumber}}",
									"id": "poNumber"
								}
							]
						},
						"description": ""
					},
					"response": []
				}
			]
		},
		{
			"name": "freight",
			"description": "Folder for freight",
			"item": [
				{
					"name": "Used to probe the health the the Orders endpoint",
					"request": {
						"method": "GET",
						"header": [
							{
								"key": "Accept",
								"value": "application/json, text/json, application/xml, text/xml"
							}
						],
						"body": {},
						"url": "https://localhost:54896/freight/healthcheck",
						"description": ""
					},
					"response": []
				},
				{
					"name": "Gets the freight for the specified input",
					"request": {
						"method": "POST",
						"header": [
							{
								"key": "Accept",
								"value": "application/json, text/json, application/xml, text/xml"
							},
							{
								"key": "Content-Type",
								"value": "application/json"
							}
						],
						"body": {
							"mode": "raw",
							"raw": ""
						},
						"url": "https://localhost:54896/freight",
						"description": ""
					},
					"response": []
				}
			]
		},
		{
			"name": "healthcheck",
			"description": "Folder for healthcheck",
			"item": [
				{
					"name": "https://localhost:54896/healthcheck",
					"request": {
						"method": "GET",
						"header": [
							{
								"key": "Accept",
								"value": "application/json, text/json, application/xml, text/xml"
							}
						],
						"body": {},
						"url": "https://localhost:54896/healthcheck",
						"description": ""
					},
					"response": []
				}
			]
		},
		{
			"name": "price",
			"description": "Folder for price",
			"item": [
				{
					"name": "https://localhost:54896/price/healthcheck",
					"request": {
						"method": "GET",
						"header": [
							{
								"key": "Accept",
								"value": "application/json, text/json, application/xml, text/xml"
							}
						],
						"body": {},
						"url": "https://localhost:54896/price/healthcheck",
						"description": ""
					},
					"response": []
				},
				{
					"name": "https://localhost:54896/price",
					"request": {
						"method": "POST",
						"header": [
							{
								"key": "Accept",
								"value": "application/json, text/json, application/xml, text/xml"
							},
							{
								"key": "Content-Type",
								"value": "application/json"
							}
						],
						"body": {
							"mode": "raw",
							"raw": ""
						},
						"url": "https://localhost:54896/price",
						"description": ""
					},
					"response": []
				}
			]
		},
		{
			"name": "products",
			"description": "Folder for products",
			"item": [
				{
					"name": "Used to probe the health the the Orders endpoint",
					"request": {
						"method": "GET",
						"header": [
							{
								"key": "Accept",
								"value": "application/json, text/json, application/xml, text/xml"
							}
						],
						"body": {},
						"url": "https://localhost:54896/products/healthcheck",
						"description": ""
					},
					"response": []
				},
				{
					"name": "Gets the product by the specified code",
					"request": {
						"method": "GET",
						"header": [
							{
								"key": "Accept",
								"value": "application/json, text/json, application/xml, text/xml"
							}
						],
						"body": {},
						"url": {
							"raw": "https://localhost:54896/products/:code",
							"protocol": "https",
							"host": [
								"localhost"
							],
							"port": "54896",
							"path": [
								"products",
								":code"
							],
							"variable": [
								{
									"value": "{{code}}",
									"id": "code"
								}
							]
						},
						"description": ""
					},
					"response": []
				},
				{
					"name": "Gets the product(s) by the specified product codes",
					"request": {
						"method": "GET",
						"header": [
							{
								"key": "Accept",
								"value": "application/json, text/json, application/xml, text/xml"
							}
						],
						"body": {},
						"url": {
							"raw": "https://localhost:54896/products?productCodes={{productCodes}}",
							"protocol": "https",
							"host": [
								"localhost"
							],
							"port": "54896",
							"path": [
								"products"
							],
							"query": [
								{
									"key": "productCodes",
									"value": "{{productCodes}}"
								}
							]
						},
						"description": ""
					},
					"response": []
				},
				{
					"name": "Gets the product(s) by the specified product codes",
					"request": {
						"method": "GET",
						"header": [
							{
								"key": "Accept",
								"value": "application/json, text/json, application/xml, text/xml"
							}
						],
						"body": {},
						"url": {
							"raw": "https://localhost:54896/products/:productCodes",
							"protocol": "https",
							"host": [
								"localhost"
							],
							"port": "54896",
							"path": [
								"products",
								":productCodes"
							],
							"variable": [
								{
									"value": "{{productCodes}}",
									"id": "productCodes"
								}
							]
						},
						"description": ""
					},
					"response": []
				}
			]
		},
		{
			"name": "recycling",
			"description": "Folder for recycling",
			"item": [
				{
					"name": "Used to probe the health the the Recycling endpoint",
					"request": {
						"method": "GET",
						"header": [
							{
								"key": "Accept",
								"value": "application/json, text/json, application/xml, text/xml"
							}
						],
						"body": {},
						"url": "https://localhost:54896/recycling/healthcheck",
						"description": ""
					},
					"response": []
				},
				{
					"name": "Gets recycling summary for the specified input",
					"request": {
						"method": "POST",
						"header": [
							{
								"key": "Accept",
								"value": "application/json, text/json, application/xml, text/xml"
							},
							{
								"key": "Content-Type",
								"value": "application/json"
							}
						],
						"body": {
							"mode": "raw",
							"raw": ""
						},
						"url": "https://localhost:54896/recycling/summary",
						"description": ""
					},
					"response": []
				},
				{
					"name": "Gets tax details for the specified input",
					"request": {
						"method": "POST",
						"header": [
							{
								"key": "Accept",
								"value": "application/json, text/json, application/xml, text/xml"
							},
							{
								"key": "Content-Type",
								"value": "application/json"
							}
						],
						"body": {
							"mode": "raw",
							"raw": ""
						},
						"url": "https://localhost:54896/recycling/details",
						"description": ""
					},
					"response": []
				}
			]
		},
		{
			"name": "tax",
			"description": "Folder for tax",
			"item": [
				{
					"name": "Used to probe the health the the Tax endpoint",
					"request": {
						"method": "GET",
						"header": [
							{
								"key": "Accept",
								"value": "application/json, text/json, application/xml, text/xml"
							}
						],
						"body": {},
						"url": "https://localhost:54896/tax/healthcheck",
						"description": ""
					},
					"response": []
				},
				{
					"name": "Gets tax summary for the specified input",
					"request": {
						"method": "POST",
						"header": [
							{
								"key": "Accept",
								"value": "application/json, text/json, application/xml, text/xml"
							},
							{
								"key": "Content-Type",
								"value": "application/json"
							}
						],
						"body": {
							"mode": "raw",
							"raw": ""
						},
						"url": "https://localhost:54896/tax/summary",
						"description": ""
					},
					"response": []
				},
				{
					"name": "Gets tax details for the specified input",
					"request": {
						"method": "POST",
						"header": [
							{
								"key": "Accept",
								"value": "application/json, text/json, application/xml, text/xml"
							},
							{
								"key": "Content-Type",
								"value": "application/json"
							}
						],
						"body": {
							"mode": "raw",
							"raw": ""
						},
						"url": "https://localhost:54896/tax/details",
						"description": ""
					},
					"response": []
				}
			]
		},
		{
			"name": "transferredcarts",
			"description": "Folder for transferredcarts",
			"item": [
				{
					"name": "https://localhost:54896/transferredcarts/healthcheck",
					"request": {
						"method": "GET",
						"header": [
							{
								"key": "Accept",
								"value": "application/json, text/json, application/xml, text/xml"
							}
						],
						"body": {},
						"url": "https://localhost:54896/transferredcarts/healthcheck",
						"description": ""
					},
					"response": []
				},
				{
					"name": "https://localhost:54896/transferredcarts",
					"request": {
						"method": "POST",
						"header": [
							{
								"key": "Accept",
								"value": "application/json, text/json, application/xml, text/xml"
							},
							{
								"key": "Content-Type",
								"value": "application/json"
							}
						],
						"body": {
							"mode": "raw",
							"raw": ""
						},
						"url": "https://localhost:54896/transferredcarts",
						"description": ""
					},
					"response": []
				}
			]
		}
	]
}